"","verbatimIdentification","datasetID","log_R2_1"
"1","Accipiter gentilis",5,-0.025
"2","Accipiter nisus",5,0.046
"3","Acrocephalus arundinaceus",5,0.058
"4","Acrocephalus palustris",5,0.061
"5","Acrocephalus schoenobaenus",5,0.197
"6","Acrocephalus scirpaceus",5,0.041
"7","Actitis hypoleucos",5,0.004
"8","Aegithalos caudatus",5,0.036
"9","Aegolius funereus",5,0.472
"10","Alauda arvensis",5,-0.003
"11","Alcedo atthis",5,0.238
"12","Anas acuta",5,0.001
"13","Anas clypeata",5,-0.085
"14","Anas crecca",5,-0.18
"15","Anas platyrhynchos",5,0.023
"16","Anas querquedula",5,0.032
"17","Anas strepera",5,0.321
"18","Anser anser",5,0.72
"19","Anthus campestris",5,-0.362
"20","Anthus pratensis",5,0.036
"21","Anthus spinoletta",5,-0.155
"22","Anthus trivialis",5,-0.008
"23","Apus apus",5,0.015
"24","Aquila pomarina",5,0.072
"25","Ardea cinerea",5,0.46
"26","Ardea purpurea",5,0.641
"27","Asio flammeus",5,0.955
"28","Asio otus",5,-0.011
"29","Athene noctua",5,-0.936
"30","Aythya ferina",5,-0.091
"31","Aythya fuligula",5,0.018
"32","Aythya nyroca",5,-0.801
"33","Bonasa bonasia",5,0.027
"34","Botaurus stellaris",5,0.362
"35","Bubo bubo",5,0.01
"36","Bucephala clangula",5,0.711
"37","Buteo buteo",5,-0.002
"38","Caprimulgus europaeus",5,-0.465
"39","Carduelis cannabina",5,0.04
"40","Carduelis carduelis",5,0.008
"41","Carduelis chloris",5,0.002
"42","Carduelis flammea",5,0.093
"43","Carduelis flammea cabaret",5,0.139
"44","Carduelis spinus",5,0.028
"45","Carpodacus erythrinus",5,0.195
"46","Certhia brachydactyla",5,0.069
"47","Certhia familiaris",5,0.068
"48","Charadrius dubius",5,0.038
"49","Charadrius morinellus",5,-0.7
"50","Chlidonias niger",5,-0.318
"51","Ciconia ciconia",5,0.048
"52","Ciconia nigra",5,0.235
"53","Cinclus cinclus",5,0.04
"54","Circus aeruginosus",5,0.286
"55","Circus cyaneus",5,-0.039
"56","Circus pygargus",5,0.836
"57","Coccothraustes coccothraustes",5,0.079
"58","Columba livia f. domestica",5,-0.003
"59","Columba livia f.domestica",5,0.012
"60","Columba oenas",5,0.323
"61","Columba palumbus",5,0.013
"62","Corvus corax",5,0.694
"63","Corvus corone cornix",5,-0.022
"64","Corvus corone corone",5,-0.02
"65","Corvus frugilegus",5,-0.18
"66","Corvus monedula",5,-0.339
"67","Coturnix coturnix",5,0.301
"68","Crex crex",5,0.659
"69","Cuculus canorus",5,0.008
"70","Cygnus olor",5,-0.001
"71","Delichon urbica",5,0
"72","Dendrocopos leucotos",5,-0.027
"73","Dendrocopos major",5,0.008
"74","Dendrocopos medius",5,0.34
"75","Dendrocopos minor",5,0.093
"76","Dendrocopos syriacus",5,0.834
"77","Dryocopus martius",5,0.041
"78","Egretta garzetta",5,2.394
"79","Emberiza hortulana",5,-0.181
"80","Emberiza schoeniclus",5,0.079
"81","Erithacus rubecula",5,0.006
"82","Falco cherrug",5,0.201
"83","Falco peregrinus",5,0.623
"84","Falco subbuteo",5,0.239
"85","Falco tinnunculus",5,0.015
"86","Ficedula albicollis",5,0.095
"87","Ficedula hypoleuca",5,0.045
"88","Ficedula parva",5,0.163
"89","Fringilla coelebs",5,0.002
"90","Fulica atra",5,-0.002
"91","Galerida cristata",5,-0.84
"92","Gallinago gallinago",5,-0.246
"93","Gallinula chloropus",5,0.015
"94","Garrulus glandarius",5,0.016
"95","Glaucidium passerinum",5,0.656
"96","Grus grus",5,1.746
"97","Haliaeetus albicilla",5,1.585
"98","Himantopus himantopus",5,0.23
"99","Hippolais icterina",5,0.007
"100","Ixobrychus minutus",5,0.079
"101","Jynx torquilla",5,0.055
"102","Lanius collurio",5,0.006
"103","Lanius excubitor",5,0.027
"104","Larus cachinnans",5,-0.217
"105","Larus canus",5,0.584
"106","Larus melanocephalus",5,1.249
"107","Larus ridibundus",5,-0.144
"108","Limosa limosa",5,-0.608
"109","Locustella fluviatilis",5,0.158
"110","Locustella luscinioides",5,0.525
"111","Locustella naevia",5,0.102
"112","Loxia curvirostra",5,0.121
"113","Lullula arborea",5,0.174
"114","Luscinia luscinia",5,0.536
"115","Luscinia megarhynchos",5,0.218
"116","Luscinia svecica cyanecula",5,1.089
"117","Luscinia svecica svecica",5,-0.41
"118","Mergus merganser",5,1.046
"119","Merops apiaster",5,0.621
"120","Miliaria calandra",5,0.719
"121","Milvus migrans",5,0.32
"122","Milvus milvus",5,0.535
"123","Motacilla alba",5,0.003
"124","Motacilla cinerea",5,0.054
"125","Motacilla flava",5,0.077
"126","Muscicapa striata",5,0.048
"127","Netta rufina",5,0.78
"128","Nucifraga caryocatactes",5,0.069
"129","Numenius arquata",5,-0.275
"130","Nycticorax nycticorax",5,0.772
"131","Oenanthe oenanthe",5,-0.439
"132","Oriolus oriolus",5,0.06
"133","Otus scops",5,0.689
"134","Panurus biarmicus",5,0.198
"135","Parus ater",5,0.019
"136","Parus caeruleus",5,0.005
"137","Parus cristatus",5,-0.004
"138","Parus major",5,0.002
"139","Parus montanus",5,0.146
"140","Parus palustris",5,0.043
"141","Passer domesticus",5,-0.003
"142","Passer montanus",5,-0.022
"143","Perdix perdix",5,-0.074
"144","Pernis apivorus",5,0.157
"145","Phalacrocorax carbo",5,1.074
"146","Phasianus colchicus",5,-0.042
"147","Phoenicurus phoenicurus",5,0.057
"148","Phylloscopus collybita",5,0.002
"149","Phylloscopus sibilatrix",5,0.04
"150","Phylloscopus trochiloides",5,-0.145
"151","Phylloscopus trochilus",5,0.003
"152","Pica pica",5,0.025
"153","Picoides tridactylus",5,-0.143
"154","Picus canus",5,0.011
"155","Picus viridis",5,0.042
"156","Platalea leucorodia",5,1.387
"157","Podiceps cristatus",5,-0.046
"158","Podiceps grisegena",5,-0.155
"159","Podiceps nigricollis",5,-0.433
"160","Porzana parva",5,1.453
"161","Porzana porzana",5,0.175
"162","Prunella collaris",5,0.181
"163","Prunella modularis",5,0.015
"164","Pyrrhula pyrrhula",5,-0.004
"165","Rallus aquaticus",5,0.343
"166","Recurvirostra avosetta",5,1.108
"167","Regulus ignicapillus",5,0.256
"168","Regulus regulus",5,0.013
"169","Remiz pendulinus",5,-0.081
"170","Riparia riparia",5,-0.236
"171","Saxicola rubetra",5,-0.034
"172","Saxicola torquata",5,0.236
"173","Scolopax rusticola",5,0.121
"174","Serinus serinus",5,0.003
"175","Sitta europaea",5,0.008
"176","Sterna hirundo",5,0.135
"177","Streptopelia decaocto",5,-0.007
"178","Streptopelia turtur",5,-0.003
"179","Strix aluco",5,0.023
"180","Strix uralensis",5,1.511
"181","Sturnus vulgaris",5,0
"182","Sylvia atricapilla",5,0
"183","Sylvia borin",5,0.016
"184","Sylvia communis",5,0.003
"185","Sylvia curruca",5,-0.003
"186","Sylvia nisoria",5,0.059
"187","Tachybaptus ruficollis",5,-0.019
"188","Tetrao tetrix",5,-0.429
"189","Tetrao urogallus",5,-0.303
"190","Tringa ochropus",5,1.206
"191","Tringa totanus",5,-0.086
"192","Troglodytes troglodytes",5,0.01
"193","Turdus iliacus",5,-0.185
"194","Turdus philomelos",5,0.002
"195","Turdus pilaris",5,0.017
"196","Turdus torquatus",5,-0.029
"197","Turdus viscivorus",5,0.113
"198","Tyto alba",5,-0.265
"199","Upupa epops",5,0.212
"200","Vanellus vanellus",5,-0.096
"201","Accipiter gentilis",5,-0.025
"202","Accipiter nisus",5,0.046
"203","Acrocephalus arundinaceus",5,0.058
"204","Acrocephalus palustris",5,0.061
"205","Acrocephalus schoenobaenus",5,0.197
"206","Acrocephalus scirpaceus",5,0.041
"207","Actitis hypoleucos",5,0.004
"208","Aegithalos caudatus",5,0.036
"209","Aegolius funereus",5,0.472
"210","Alauda arvensis",5,-0.003
"211","Alcedo atthis",5,0.238
"212","Anas acuta",5,0.001
"213","Anas clypeata",5,-0.085
"214","Anas crecca",5,-0.18
"215","Anas platyrhynchos",5,0.023
"216","Anas querquedula",5,0.032
"217","Anas strepera",5,0.321
"218","Anser anser",5,0.72
"219","Anthus campestris",5,-0.362
"220","Anthus pratensis",5,0.036
"221","Anthus spinoletta",5,-0.155
"222","Anthus trivialis",5,-0.008
"223","Apus apus",5,0.015
"224","Aquila pomarina",5,0.072
"225","Ardea cinerea",5,0.46
"226","Ardea purpurea",5,0.641
"227","Asio flammeus",5,0.955
"228","Asio otus",5,-0.011
"229","Athene noctua",5,-0.936
"230","Aythya ferina",5,-0.091
"231","Aythya fuligula",5,0.018
"232","Aythya nyroca",5,-0.801
"233","Bonasa bonasia",5,0.027
"234","Botaurus stellaris",5,0.362
"235","Bubo bubo",5,0.01
"236","Bucephala clangula",5,0.711
"237","Buteo buteo",5,-0.002
"238","Caprimulgus europaeus",5,-0.465
"239","Carduelis cannabina",5,0.04
"240","Carduelis carduelis",5,0.008
"241","Carduelis flammea",5,0.093
"242","Carduelis flammea cabaret",5,0.139
"243","Carduelis spinus",5,0.028
"244","Carpodacus erythrinus",5,0.195
"245","Certhia brachydactyla",5,0.069
"246","Certhia familiaris",5,0.068
"247","Charadrius dubius",5,0.038
"248","Charadrius morinellus",5,-0.7
"249","Chlidonias niger",5,-0.318
"250","Ciconia ciconia",5,0.048
"251","Ciconia nigra",5,0.235
"252","Cinclus cinclus",5,0.04
"253","Circus aeruginosus",5,0.286
"254","Circus cyaneus",5,-0.039
"255","Circus pygargus",5,0.836
"256","Coccothraustes coccothraustes",5,0.079
"257","Columba livia f. domestica",5,-0.003
"258","Columba livia f.domestica",5,0.012
"259","Columba oenas",5,0.323
"260","Columba palumbus",5,0.013
"261","Corvus corax",5,0.694
"262","Corvus corone cornix",5,-0.022
"263","Corvus corone corone",5,-0.02
"264","Corvus frugilegus",5,-0.18
"265","Corvus monedula",5,-0.339
"266","Coturnix coturnix",5,0.301
"267","Crex crex",5,0.659
"268","Cuculus canorus",5,0.008
"269","Cygnus olor",5,-0.001
"270","Delichon urbica",5,0
"271","Dendrocopos leucotos",5,-0.027
"272","Dendrocopos major",5,0.008
"273","Dendrocopos medius",5,0.34
"274","Dendrocopos minor",5,0.093
"275","Dendrocopos syriacus",5,0.834
"276","Dryocopus martius",5,0.041
"277","Egretta garzetta",5,2.394
"278","Emberiza hortulana",5,-0.181
"279","Emberiza schoeniclus",5,0.079
"280","Erithacus rubecula",5,0.006
"281","Falco cherrug",5,0.201
"282","Falco peregrinus",5,0.623
"283","Falco subbuteo",5,0.239
"284","Falco tinnunculus",5,0.015
"285","Ficedula albicollis",5,0.095
"286","Ficedula hypoleuca",5,0.045
"287","Ficedula parva",5,0.163
"288","Fulica atra",5,-0.002
"289","Galerida cristata",5,-0.84
"290","Gallinago gallinago",5,-0.246
"291","Gallinula chloropus",5,0.015
"292","Garrulus glandarius",5,0.016
"293","Glaucidium passerinum",5,0.656
"294","Grus grus",5,1.746
"295","Haliaeetus albicilla",5,1.585
"296","Himantopus himantopus",5,0.23
"297","Hippolais icterina",5,0.007
"298","Hirundo rustica",5,-0.002
"299","Ixobrychus minutus",5,0.079
"300","Jynx torquilla",5,0.055
"301","Lanius collurio",5,0.006
"302","Lanius excubitor",5,0.027
"303","Larus cachinnans",5,-0.217
"304","Larus canus",5,0.584
"305","Larus melanocephalus",5,1.249
"306","Larus ridibundus",5,-0.144
"307","Limosa limosa",5,-0.608
"308","Locustella fluviatilis",5,0.158
"309","Locustella luscinioides",5,0.525
"310","Locustella naevia",5,0.102
"311","Loxia curvirostra",5,0.121
"312","Lullula arborea",5,0.174
"313","Luscinia luscinia",5,0.536
"314","Luscinia megarhynchos",5,0.218
"315","Luscinia svecica cyanecula",5,1.089
"316","Luscinia svecica svecica",5,-0.41
"317","Mergus merganser",5,1.046
"318","Merops apiaster",5,0.621
"319","Miliaria calandra",5,0.719
"320","Milvus migrans",5,0.32
"321","Milvus milvus",5,0.535
"322","Motacilla cinerea",5,0.054
"323","Motacilla flava",5,0.077
"324","Muscicapa striata",5,0.048
"325","Netta rufina",5,0.78
"326","Nucifraga caryocatactes",5,0.069
"327","Numenius arquata",5,-0.275
"328","Nycticorax nycticorax",5,0.772
"329","Oenanthe oenanthe",5,-0.439
"330","Oriolus oriolus",5,0.06
"331","Otus scops",5,0.689
"332","Panurus biarmicus",5,0.198
"333","Parus ater",5,0.019
"334","Parus caeruleus",5,0.005
"335","Parus cristatus",5,-0.004
"336","Parus montanus",5,0.146
"337","Parus palustris",5,0.043
"338","Passer domesticus",5,-0.003
"339","Passer montanus",5,-0.022
"340","Perdix perdix",5,-0.074
"341","Pernis apivorus",5,0.157
"342","Phalacrocorax carbo",5,1.074
"343","Phasianus colchicus",5,-0.042
"344","Phoenicurus ochruros",5,-0.002
"345","Phoenicurus phoenicurus",5,0.057
"346","Phylloscopus collybita",5,0.002
"347","Phylloscopus sibilatrix",5,0.04
"348","Phylloscopus trochiloides",5,-0.145
"349","Phylloscopus trochilus",5,0.003
"350","Pica pica",5,0.025
"351","Picoides tridactylus",5,-0.143
"352","Picus canus",5,0.011
"353","Picus viridis",5,0.042
"354","Platalea leucorodia",5,1.387
"355","Podiceps cristatus",5,-0.046
"356","Podiceps grisegena",5,-0.155
"357","Podiceps nigricollis",5,-0.433
"358","Porzana parva",5,1.453
"359","Porzana porzana",5,0.175
"360","Prunella collaris",5,0.181
"361","Prunella modularis",5,0.015
"362","Pyrrhula pyrrhula",5,-0.004
"363","Rallus aquaticus",5,0.343
"364","Recurvirostra avosetta",5,1.108
"365","Regulus ignicapillus",5,0.256
"366","Regulus regulus",5,0.013
"367","Remiz pendulinus",5,-0.081
"368","Riparia riparia",5,-0.236
"369","Saxicola rubetra",5,-0.034
"370","Saxicola torquata",5,0.236
"371","Scolopax rusticola",5,0.121
"372","Serinus serinus",5,0.003
"373","Sitta europaea",5,0.008
"374","Sterna hirundo",5,0.135
"375","Streptopelia decaocto",5,-0.007
"376","Streptopelia turtur",5,-0.003
"377","Strix aluco",5,0.023
"378","Strix uralensis",5,1.511
"379","Sturnus vulgaris",5,0
"380","Sylvia atricapilla",5,0
"381","Sylvia borin",5,0.016
"382","Sylvia communis",5,0.003
"383","Sylvia curruca",5,-0.003
"384","Sylvia nisoria",5,0.059
"385","Tachybaptus ruficollis",5,-0.019
"386","Tetrao tetrix",5,-0.429
"387","Tetrao urogallus",5,-0.303
"388","Tringa ochropus",5,1.206
"389","Tringa totanus",5,-0.086
"390","Troglodytes troglodytes",5,0.01
"391","Turdus iliacus",5,-0.185
"392","Turdus merula",5,-0.002
"393","Turdus philomelos",5,0.002
"394","Turdus pilaris",5,0.017
"395","Turdus torquatus",5,-0.029
"396","Turdus viscivorus",5,0.113
"397","Tyto alba",5,-0.265
"398","Upupa epops",5,0.212
"399","Vanellus vanellus",5,-0.096
"400","Accipiter cooperii",6,0.891
"401","Accipiter gentilis",6,-0.224
"402","Accipiter striatus",6,0.519
"403","Actitis macularius",6,-0.124
"404","Aegolius acadicus",6,0.125
"405","Agelaius phoeniceus",6,-0.018
"406","Aix sponsa",6,0.376
"407","Ammodramus caudacutus",6,-0.106
"408","Ammodramus henslowii",6,-1.603
"409","Ammodramus maritimus",6,-0.128
"410","Ammodramus savannarum",6,-0.541
"411","Anas acuta",6,-1.242
"412","Anas americana",6,-0.613
"413","Anas clypeata",6,0.365
"414","Anas crecca",6,-0.585
"415","Anas discors",6,-0.982
"416","Anas platyrhynchos",6,0.243
"417","Anas platyrhynchos x A. rubripes",6,0
"418","Anas rubripes",6,-0.411
"419","Anas strepera",6,0.095
"420","Aquila chrysaetos",6,0.118
"421","Archilochus colubris",6,0.191
"422","Ardea alba",6,0.952
"423","Ardea herodias",6,0.182
"424","Asio flammeus",6,-0.296
"425","Asio otus",6,-0.535
"426","Aythya affinis",6,-0.406
"427","Aythya americana",6,0.65
"428","Aythya collaris",6,0.725
"429","Aythya valisineria",6,0
"430","Baeolophus bicolor",6,0.712
"431","Bartramia longicauda",6,-1.068
"432","Bombycilla cedrorum",6,0.016
"433","Bonasa umbellus",6,-0.203
"434","Botaurus lentiginosus",6,-0.104
"435","Branta canadensis",6,1.36
"436","Bubo virginianus",6,-0.196
"437","Bubulcus ibis",6,-0.953
"438","Bucephala clangula",6,0.256
"439","Buteo jamaicensis",6,0.058
"440","Buteo lineatus",6,0.213
"441","Buteo platypterus",6,0.011
"442","Butorides virescens",6,-0.132
"443","Caprimulgus carolinensis",6,-1.115
"444","Caprimulgus vociferus",6,-0.865
"445","Cardinalis cardinalis",6,0.087
"446","Carpodacus mexicanus",6,0.182
"447","Carpodacus purpureus",6,0.008
"448","Cathartes aura",6,0.536
"449","Catharus bicknelli",6,0.379
"450","Catharus fuscescens",6,-0.027
"451","Catharus guttatus",6,0.266
"452","Catharus ustulatus",6,-0.182
"453","Certhia americana",6,0.052
"454","Chaetura pelagica",6,-0.162
"455","Charadrius melodus",6,-0.042
"456","Charadrius vociferus",6,-0.045
"457","Chlidonias niger",6,-0.506
"458","Chordeiles minor",6,-1.253
"459","Circus cyaneus",6,0.001
"460","Cistothorus palustris",6,0.043
"461","Cistothorus platensis",6,0.233
"462","Coccothraustes vespertinus",6,0.359
"463","Coccyzus americanus",6,0.04
"464","Coccyzus erythropthalmus",6,0.041
"465","Colaptes auratus",6,-0.007
"466","Colinus virginianus",6,-0.279
"467","Columba livia",6,-0.009
"468","Contopus cooperi",6,-0.422
"469","Contopus virens",6,-0.042
"470","Corvus brachyrhynchos",6,0.006
"471","Corvus corax",6,1.791
"472","Corvus ossifragus",6,0.567
"473","Cyanocitta cristata",6,0.004
"474","Cygnus olor",6,0.749
"475","Dendroica caerulescens",6,0.096
"476","Dendroica castanea",6,-0.981
"477","Dendroica cerulea",6,-0.13
"478","Dendroica coronata",6,0.3
"479","Dendroica discolor",6,0.179
"480","Dendroica dominica",6,0.511
"481","Dendroica fusca",6,0.174
"482","Dendroica magnolia",6,0.228
"483","Dendroica palmarum",6,3.761
"484","Dendroica pensylvanica",6,0.095
"485","Dendroica petechia",6,-0.001
"486","Dendroica pinus",6,1.172
"487","Dendroica striata",6,-0.083
"488","Dendroica tigrina",6,-0.251
"489","Dendroica virens",6,0.25
"490","Dolichonyx oryzivorus",6,-0.086
"491","Dryocopus pileatus",6,0.251
"492","Dumetella carolinensis",6,-0.04
"493","Egretta caerulea",6,-0.045
"494","Egretta thula",6,-0.434
"495","Egretta tricolor",6,0.2
"496","Empidonax alnorum",6,0.375
"497","Empidonax flaviventris",6,0.348
"498","Empidonax minimus",6,-0.04
"499","Empidonax traillii",6,0.294
"500","Empidonax virescens",6,0.408
"501","Eremophila alpestris",6,-0.451
"502","Euphagus carolinus",6,-0.255
"503","Falcipennis canadensis",6,-0.3
"504","Falco peregrinus",6,1.882
"505","Falco sparverius",6,-0.143
"506","Fulica americana",6,0.139
"507","Gallinago delicata",6,0.021
"508","Gallinula chloropus",6,-0.402
"509","Gavia immer",6,0.349
"510","Gelochelidon nilotica",6,0.663
"511","Geothlypis trichas",6,0
"512","Haematopus palliatus",6,0.62
"513","Haliaeetus leucocephalus",6,2.543
"514","Helmitheros vermivorum",6,-0.008
"515","Hirundo rustica",6,-0.061
"516","Hydropogne caspia",6,0.51
"517","Hylocichla mustelina",6,-0.072
"518","Icteria virens",6,-1.497
"519","Icterus galbula",6,-0.036
"520","Icterus spurius",6,0.524
"521","Ixobrychus exilis",6,-0.074
"522","Junco hyemalis",6,0.207
"523","Lanius ludovicianus",6,-1.792
"524","Larus argentatus",6,-0.087
"525","Larus delawarensis",6,-0.204
"526","Larus marinus",6,0.271
"527","Laterallus jamaicensis",6,0
"528","Leucophaeus atricilla",6,-1.374
"529","Lophodytes cucullatus",6,0.746
"530","Loxia curvirostra",6,-1.024
"531","Loxia leucoptera",6,0.131
"532","Megaceryle alcyon",6,-0.059
"533","Megascops asio",6,0.012
"534","Melanerpes carolinus",6,0.802
"535","Melanerpes erythrocephalus",6,-1.437
"536","Meleagris gallopavo",6,0.843
"537","Melospiza georgiana",6,0.058
"538","Melospiza lincolnii",6,-0.148
"539","Melospiza melodia",6,-0.007
"540","Mergus merganser",6,0.849
"541","Mergus serrator",6,0.497
"542","Mimus polyglottos",6,0.099
"543","Mniotilta varia",6,-0.007
"544","Molothrus ater",6,-0.074
"545","Myiarchus crinitus",6,-0.033
"546","Myiopsitta monachus",6,2.437
"547","Nyctanassa violacea",6,-0.088
"548","Nycticorax nycticorax",6,0.136
"549","Oporornis formosus",6,-1.296
"550","Oporornis philadelphia",6,0.043
"551","Oxyura jamaicensis",6,1.252
"552","Pandion haliaetus",6,0.941
"553","Parula americana",6,0.405
"554","Passer domesticus",6,-0.068
"555","Passerculus sandwichensis",6,0.023
"556","Passerina caerulea",6,0.545
"557","Passerina cyanea",6,-0.007
"558","Perdix perdix",6,-1.631
"559","Perisoreus canadensis",6,0.156
"560","Petrochelidon pyrrhonota",6,-0.126
"561","Phalacrocorax auritus",6,2.302
"562","Phasianus colchicus",6,-0.461
"563","Pheucticus ludovicianus",6,-0.061
"564","Picoides arcticus",6,0.108
"565","Picoides dorsalis",6,-0.383
"566","Picoides pubescens",6,0.025
"567","Picoides villosus",6,0.083
"568","Pipilo erythrophthalmus",6,-0.128
"569","Piranga olivacea",6,0.009
"570","Piranga rubra",6,0.123
"571","Plegadis falcinellus",6,-0.249
"572","Podilymbus podiceps",6,0.391
"573","Poecile atricapillus",6,0.009
"574","Poecile hudsonicus",6,0.115
"575","Polioptila caerulea",6,0.175
"576","Pooecetes gramineus",6,-0.682
"577","Porzana carolina",6,0.146
"578","Progne subis",6,-0.522
"579","Protonotaria citrea",6,-0.626
"580","Quiscalus major",6,2.499
"581","Quiscalus quiscula",6,-0.02
"582","Rallus elegans",6,-0.088
"583","Rallus limicola",6,0.203
"584","Rallus longirostris",6,0.097
"585","Regulus calendula",6,-0.066
"586","Regulus satrapa",6,0.116
"587","Riparia riparia",6,-0.333
"588","Rynchops niger",6,-0.273
"589","Sayornis phoebe",6,0.085
"590","Scolopax minor",6,0.049
"591","Seiurus aurocapilla",6,0.089
"592","Seiurus motacilla",6,-0.228
"593","Seiurus noveboracensis",6,0.039
"594","Setophaga ruticilla",6,0.023
"595","Sialia sialis",6,0.433
"596","Sitta canadensis",6,0.313
"597","Sitta carolinensis",6,0.029
"598","Sphyrapicus varius",6,0.419
"599","Spinus pinus",6,0.015
"600","Spinus tristis",6,0.014
"601","Spiza americana",6,1.792
"602","Spizella pallida",6,1.099
"603","Spizella passerina",6,0.005
"604","Spizella pusilla",6,-0.172
"605","Stelgidopteryx serripennis",6,0.19
"606","Sterna dougallii",6,-0.715
"607","Sterna forsteri",6,1.604
"608","Sterna hirundo",6,0.142
"609","Sternula antillarum",6,-0.243
"610","Strix varia",6,0.355
"611","Sturnella magna",6,-0.283
"612","Sturnella neglecta",6,-1.791
"613","Sturnus vulgaris",6,-0.016
"614","Tachycineta bicolor",6,0.039
"615","Thryothorus ludovicianus",6,1.483
"616","Toxostoma rufum",6,-0.361
"617","Tringa semipalmata",6,0.682
"618","Troglodytes aedon",6,-0.033
"619","Troglodytes troglodytes",6,0.395
"620","Turdus migratorius",6,0.008
"621","Tyrannus tyrannus",6,-0.077
"622","Tyto alba",6,-1.595
"623","Vermivora chrysoptera",6,-0.697
"624","Vermivora chrysoptera x V. pinus",6,0
"625","Vermivora peregrina",6,0.036
"626","Vermivora pinus",6,0.158
"627","Vermivora ruficapilla",6,-0.075
"628","Vireo flavifrons",6,-0.071
"629","Vireo gilvus",6,0.116
"630","Vireo griseus",6,-0.026
"631","Vireo olivaceus",6,0.028
"632","Vireo philadelphicus",6,0.448
"633","Vireo solitarius",6,0.329
"634","Wilsonia canadensis",6,-0.263
"635","Wilsonia citrina",6,0.905
"636","Wilsonia pusilla",6,-0.405
"637","Zenaida macroura",6,0.088
"638","Zonotrichia albicollis",6,-0.157
"639","Accipiter cooperii",6,0.891
"640","Accipiter gentilis",6,-0.224
"641","Accipiter striatus",6,0.519
"642","Actitis macularius",6,-0.124
"643","Aegolius acadicus",6,0.125
"644","Agelaius phoeniceus",6,-0.018
"645","Aix sponsa",6,0.376
"646","Ammodramus caudacutus",6,-0.106
"647","Ammodramus henslowii",6,-1.603
"648","Ammodramus maritimus",6,-0.128
"649","Ammodramus savannarum",6,-0.541
"650","Anas acuta",6,-1.242
"651","Anas americana",6,-0.613
"652","Anas clypeata",6,0.365
"653","Anas crecca",6,-0.585
"654","Anas discors",6,-0.982
"655","Anas platyrhynchos",6,0.243
"656","Anas platyrhynchos x A. rubripes",6,0
"657","Anas rubripes",6,-0.411
"658","Anas strepera",6,0.095
"659","Aquila chrysaetos",6,0.118
"660","Archilochus colubris",6,0.191
"661","Ardea alba",6,0.952
"662","Ardea herodias",6,0.182
"663","Asio flammeus",6,-0.296
"664","Asio otus",6,-0.535
"665","Aythya affinis",6,-0.406
"666","Aythya americana",6,0.65
"667","Aythya collaris",6,0.725
"668","Aythya valisineria",6,0
"669","Baeolophus bicolor",6,0.712
"670","Bartramia longicauda",6,-1.068
"671","Bombycilla cedrorum",6,0.016
"672","Bonasa umbellus",6,-0.203
"673","Botaurus lentiginosus",6,-0.104
"674","Branta canadensis",6,1.36
"675","Bubo virginianus",6,-0.196
"676","Bubulcus ibis",6,-0.953
"677","Bucephala clangula",6,0.256
"678","Buteo jamaicensis",6,0.058
"679","Buteo lineatus",6,0.213
"680","Buteo platypterus",6,0.011
"681","Butorides virescens",6,-0.132
"682","Caprimulgus carolinensis",6,-1.115
"683","Caprimulgus vociferus",6,-0.865
"684","Cardinalis cardinalis",6,0.087
"685","Carpodacus mexicanus",6,0.182
"686","Carpodacus purpureus",6,0.008
"687","Cathartes aura",6,0.536
"688","Catharus bicknelli",6,0.379
"689","Catharus fuscescens",6,-0.027
"690","Catharus guttatus",6,0.266
"691","Catharus ustulatus",6,-0.182
"692","Certhia americana",6,0.052
"693","Chaetura pelagica",6,-0.162
"694","Charadrius melodus",6,-0.042
"695","Charadrius vociferus",6,-0.045
"696","Chlidonias niger",6,-0.506
"697","Chordeiles minor",6,-1.253
"698","Circus cyaneus",6,0.001
"699","Cistothorus palustris",6,0.043
"700","Cistothorus platensis",6,0.233
"701","Coccothraustes vespertinus",6,0.359
"702","Coccyzus americanus",6,0.04
"703","Coccyzus erythropthalmus",6,0.041
"704","Colaptes auratus",6,-0.007
"705","Colinus virginianus",6,-0.279
"706","Columba livia",6,-0.009
"707","Contopus cooperi",6,-0.422
"708","Contopus virens",6,-0.042
"709","Corvus brachyrhynchos",6,0.006
"710","Corvus corax",6,1.791
"711","Corvus ossifragus",6,0.567
"712","Cyanocitta cristata",6,0.004
"713","Cygnus olor",6,0.749
"714","Dendroica caerulescens",6,0.096
"715","Dendroica castanea",6,-0.981
"716","Dendroica cerulea",6,-0.13
"717","Dendroica coronata",6,0.3
"718","Dendroica discolor",6,0.179
"719","Dendroica dominica",6,0.511
"720","Dendroica fusca",6,0.174
"721","Dendroica magnolia",6,0.228
"722","Dendroica palmarum",6,3.761
"723","Dendroica pensylvanica",6,0.095
"724","Dendroica petechia",6,-0.001
"725","Dendroica pinus",6,1.172
"726","Dendroica striata",6,-0.083
"727","Dendroica tigrina",6,-0.251
"728","Dendroica virens",6,0.25
"729","Dolichonyx oryzivorus",6,-0.086
"730","Dryocopus pileatus",6,0.251
"731","Dumetella carolinensis",6,-0.04
"732","Egretta caerulea",6,-0.045
"733","Egretta thula",6,-0.434
"734","Egretta tricolor",6,0.2
"735","Empidonax alnorum",6,0.375
"736","Empidonax flaviventris",6,0.348
"737","Empidonax minimus",6,-0.04
"738","Empidonax traillii",6,0.294
"739","Empidonax virescens",6,0.408
"740","Eremophila alpestris",6,-0.451
"741","Euphagus carolinus",6,-0.255
"742","Falcipennis canadensis",6,-0.3
"743","Falco peregrinus",6,1.882
"744","Falco sparverius",6,-0.143
"745","Fulica americana",6,0.139
"746","Gallinago delicata",6,0.021
"747","Gallinula chloropus",6,-0.402
"748","Gavia immer",6,0.349
"749","Gelochelidon nilotica",6,0.663
"750","Geothlypis trichas",6,0
"751","Haematopus palliatus",6,0.62
"752","Haliaeetus leucocephalus",6,2.543
"753","Helmitheros vermivorum",6,-0.008
"754","Hirundo rustica",6,-0.061
"755","Hydropogne caspia",6,0.51
"756","Hylocichla mustelina",6,-0.072
"757","Icteria virens",6,-1.497
"758","Icterus galbula",6,-0.036
"759","Icterus spurius",6,0.524
"760","Ixobrychus exilis",6,-0.074
"761","Junco hyemalis",6,0.207
"762","Lanius ludovicianus",6,-1.792
"763","Larus argentatus",6,-0.087
"764","Larus delawarensis",6,-0.204
"765","Larus marinus",6,0.271
"766","Laterallus jamaicensis",6,0
"767","Leucophaeus atricilla",6,-1.374
"768","Lophodytes cucullatus",6,0.746
"769","Loxia curvirostra",6,-1.024
"770","Loxia leucoptera",6,0.131
"771","Megaceryle alcyon",6,-0.059
"772","Megascops asio",6,0.012
"773","Melanerpes carolinus",6,0.802
"774","Melanerpes erythrocephalus",6,-1.437
"775","Meleagris gallopavo",6,0.843
"776","Melospiza georgiana",6,0.058
"777","Melospiza lincolnii",6,-0.148
"778","Melospiza melodia",6,-0.007
"779","Mergus merganser",6,0.849
"780","Mergus serrator",6,0.497
"781","Mimus polyglottos",6,0.099
"782","Mniotilta varia",6,-0.007
"783","Molothrus ater",6,-0.074
"784","Myiarchus crinitus",6,-0.033
"785","Myiopsitta monachus",6,2.437
"786","Nyctanassa violacea",6,-0.088
"787","Nycticorax nycticorax",6,0.136
"788","Oporornis formosus",6,-1.296
"789","Oporornis philadelphia",6,0.043
"790","Oxyura jamaicensis",6,1.252
"791","Pandion haliaetus",6,0.941
"792","Parula americana",6,0.405
"793","Passer domesticus",6,-0.068
"794","Passerculus sandwichensis",6,0.023
"795","Passerina caerulea",6,0.545
"796","Passerina cyanea",6,-0.007
"797","Perdix perdix",6,-1.631
"798","Perisoreus canadensis",6,0.156
"799","Petrochelidon pyrrhonota",6,-0.126
"800","Phalacrocorax auritus",6,2.302
"801","Phasianus colchicus",6,-0.461
"802","Pheucticus ludovicianus",6,-0.061
"803","Picoides arcticus",6,0.108
"804","Picoides dorsalis",6,-0.383
"805","Picoides pubescens",6,0.025
"806","Picoides villosus",6,0.083
"807","Pipilo erythrophthalmus",6,-0.128
"808","Piranga olivacea",6,0.009
"809","Piranga rubra",6,0.123
"810","Plegadis falcinellus",6,-0.249
"811","Podilymbus podiceps",6,0.391
"812","Poecile atricapillus",6,0.009
"813","Poecile hudsonicus",6,0.115
"814","Polioptila caerulea",6,0.175
"815","Pooecetes gramineus",6,-0.682
"816","Porzana carolina",6,0.146
"817","Progne subis",6,-0.522
"818","Protonotaria citrea",6,-0.626
"819","Quiscalus major",6,2.499
"820","Quiscalus quiscula",6,-0.02
"821","Rallus elegans",6,-0.088
"822","Rallus limicola",6,0.203
"823","Rallus longirostris",6,0.097
"824","Regulus calendula",6,-0.066
"825","Regulus satrapa",6,0.116
"826","Riparia riparia",6,-0.333
"827","Rynchops niger",6,-0.273
"828","Sayornis phoebe",6,0.085
"829","Scolopax minor",6,0.049
"830","Seiurus aurocapilla",6,0.089
"831","Seiurus motacilla",6,-0.228
"832","Seiurus noveboracensis",6,0.039
"833","Setophaga ruticilla",6,0.023
"834","Sialia sialis",6,0.433
"835","Sitta canadensis",6,0.313
"836","Sitta carolinensis",6,0.029
"837","Sphyrapicus varius",6,0.419
"838","Spinus pinus",6,0.015
"839","Spinus tristis",6,0.014
"840","Spiza americana",6,1.792
"841","Spizella pallida",6,1.099
"842","Spizella passerina",6,0.005
"843","Spizella pusilla",6,-0.172
"844","Stelgidopteryx serripennis",6,0.19
"845","Sterna dougallii",6,-0.715
"846","Sterna forsteri",6,1.604
"847","Sterna hirundo",6,0.142
"848","Sternula antillarum",6,-0.243
"849","Strix varia",6,0.355
"850","Sturnella magna",6,-0.283
"851","Sturnella neglecta",6,-1.791
"852","Sturnus vulgaris",6,-0.016
"853","Tachycineta bicolor",6,0.039
"854","Thryothorus ludovicianus",6,1.483
"855","Toxostoma rufum",6,-0.361
"856","Tringa semipalmata",6,0.682
"857","Troglodytes aedon",6,-0.033
"858","Troglodytes troglodytes",6,0.395
"859","Turdus migratorius",6,0.008
"860","Tyrannus tyrannus",6,-0.077
"861","Tyto alba",6,-1.595
"862","Vermivora chrysoptera",6,-0.697
"863","Vermivora chrysoptera x V. pinus",6,0
"864","Vermivora peregrina",6,0.036
"865","Vermivora pinus",6,0.158
"866","Vermivora ruficapilla",6,-0.075
"867","Vireo flavifrons",6,-0.071
"868","Vireo gilvus",6,0.116
"869","Vireo griseus",6,-0.026
"870","Vireo olivaceus",6,0.028
"871","Vireo philadelphicus",6,0.448
"872","Vireo solitarius",6,0.329
"873","Wilsonia canadensis",6,-0.263
"874","Wilsonia citrina",6,0.905
"875","Wilsonia pusilla",6,-0.405
"876","Zenaida macroura",6,0.088
"877","Zonotrichia albicollis",6,-0.157
"878","Accipiter gentilis",13,1.305
"879","Accipiter gularis",13,0.601
"880","Accipiter nisus",13,0.329
"881","Acrocephalus bistrigiceps",13,-0.104
"882","Acrocephalus orientalis",13,0.027
"883","Actitis hypoleucos",13,-0.181
"884","Aegithalos caudatus",13,0.109
"885","Agropsar philippensis",13,-0.342
"886","Aix galericulata",13,0.795
"887","Alauda arvensis",13,-0.048
"888","Alcedo atthis",13,0.35
"889","Amandava amandava",13,-2.813
"890","Amaurornis phoenicurus",13,1.595
"891","Anas clypeata",13,1.515
"892","Anas crecca",13,0.815
"893","Anas falcata",13,0.897
"894","Anas platyrhynchos",13,0.905
"895","Anas querquedula",13,-0.243
"896","Anas strepera",13,2.193
"897","Anas zonorhyncha",13,0.217
"898","Anthus hodgsoni",13,0.106
"899","Apus nipalensis",13,1.83
"900","Apus pacificus",13,0.158
"901","Ardea alba",13,1.334
"902","Ardea cinerea",13,1.781
"903","Ardea purpurea",13,1.953
"904","Asio otus",13,0.151
"905","Aythya ferina",13,1.7
"906","Aythya fuligula",13,0.741
"907","Bambusicola thoracicus",13,-0.175
"908","Botaurus stellaris",13,7.574
"909","Bubulcus ibis",13,0.508
"910","Butastur indicus",13,-0.162
"911","Buteo buteo",13,0.483
"912","Butorides striata",13,0.126
"913","Calonectris leucomelas",13,0.022
"914","Caprimulgus indicus",13,-0.801
"915","Carduelis spinus",13,0.814
"916","Cepphus carbo",13,0.778
"917","Certhia familiaris",13,0.252
"918","Cettia diphone",13,0.043
"919","Chalcophaps indica",13,0.6
"920","Charadrius alexandrinus",13,-0.472
"921","Charadrius dubius",13,0.053
"922","Charadrius placidus",13,-0.065
"923","Chloris sinica",13,0.117
"924","Cinclus pallasii",13,-0.208
"925","Circus spilonotus",13,1.054
"926","Cisticola juncidis",13,-0.204
"927","Coccothraustes coccothraustes",13,0.555
"928","Columba janthina",13,0.251
"929","Columba livia",13,-0.119
"930","Corvus corone",13,-0.003
"931","Corvus macrorhynchos",13,0.149
"932","Coturnix japonica",13,-1.863
"933","Cuculus canorus",13,-0.212
"934","Cuculus optatus",13,0.137
"935","Cuculus poliocephalus",13,0.053
"936","Cyanopica cyanus",13,-0.428
"937","Cyanoptila cyanomelana",13,0.102
"938","Delichon dasypus",13,0.205
"939","Dendrocopos kizuki",13,0.191
"940","Dendrocopos leucotos",13,0.024
"941","Dendrocopos major",13,0.159
"942","Dendrocopos minor",13,0.279
"943","Dryocopus martius",13,0.154
"944","Egretta garzetta",13,0.189
"945","Egretta intermedia",13,0.43
"946","Egretta sacra",13,0.247
"947","Emberiza aureola",13,-1.084
"948","Emberiza cioides",13,-0.008
"949","Emberiza elegans",13,1.632
"950","Emberiza fucata",13,-0.389
"951","Emberiza schoeniclus",13,0.438
"952","Emberiza spodocephala",13,0.099
"953","Emberiza sulphurata",13,0.156
"954","Emberiza variabilis",13,0.656
"955","Emberiza yessoensis",13,0.238
"956","Eophona personata",13,0.094
"957","Eurystomus orientalis",13,-0.507
"958","Falco peregrinus",13,1.033
"959","Falco subbuteo",13,0.234
"960","Falco tinnunculus",13,1.027
"961","Ficedula narcissina",13,0.237
"962","Fratercula cirrhata",13,-0.624
"963","Fulica atra",13,0.404
"964","Gallinago hardwickii",13,0.025
"965","Gallinula chloropus",13,-0.101
"966","Garrulus glandarius",13,0.032
"967","Garrulus lidthi",13,0
"968","Glareola maldivarum",13,1.022
"969","Gorsachius goisagi",13,-0.086
"970","Grus japonensis",13,0.616
"971","Halcyon coromanda",13,0.257
"972","Haliaeetus albicilla",13,1.664
"973","Hierococcyx hyperythrus",13,-0.04
"974","Himantopus himantopus",13,1.222
"975","Hirundapus caudacutus",13,-0.484
"976","Hirundo daurica",13,-0.366
"977","Hirundo rustica",13,-0.04
"978","Hirundo tahitica",13,0.109
"979","Histrionicus histrionicus",13,1.194
"980","Hypsipetes amaurotis",13,0.081
"981","Ixobrychus cinnamomeus",13,0.155
"982","Ixobrychus sinensis",13,-0.116
"983","Jynx torquilla",13,-0.02
"984","Lagopus muta",13,-0.848
"985","Lanius bucephalus",13,-0.177
"986","Lanius cristatus",13,-1.559
"987","Lanius tigrinus",13,-1.337
"988","Larus crassirostris",13,0.128
"989","Larus schistisagus",13,0.933
"990","Locustella fasciolata",13,-0.013
"991","Locustella lanceolata",13,-0.374
"992","Locustella ochotensis",13,0.149
"993","Locustella pleskei",13,1.048
"994","Locustella pryeri",13,0.243
"995","Loxia curvirostra",13,1.092
"996","Luscinia akahige",13,0.268
"997","Luscinia calliope",13,0.406
"998","Luscinia cyane",13,0.155
"999","Luscinia komadori",13,0.039
"1000","Megaceryle lugubris",13,-0.308
"1001","Melopsittacus undulatus",13,-2.658
"1002","Mergellus albellus",13,3.853
"1003","Mergus merganser",13,1.31
"1004","Milvus migrans",13,0.04
"1005","Monticola solitarius",13,0.185
"1006","Motacilla alba",13,0.603
"1007","Motacilla cinerea",13,0.085
"1008","Motacilla flava",13,2.458
"1009","Motacilla grandis",13,0.035
"1010","Muscicapa dauurica",13,-0.001
"1011","Muscicapa sibirica",13,-0.463
"1012","Ninox scutulata",13,-0.445
"1013","Nisaetus nipalensis",13,0.478
"1014","Nucifraga caryocatactes",13,-0.221
"1015","Nycticorax nycticorax",13,0.339
"1016","Oceanodroma castro",13,0
"1017","Oceanodroma leucorhoa",13,-0.211
"1018","Oceanodroma monorhis",13,4.96
"1019","Otus lempiji",13,-0.752
"1020","Otus sunia",13,-0.346
"1021","Pandion haliaetus",13,1.17
"1022","Parus minor",13,0.034
"1023","Passer montanus",13,-0.038
"1024","Passer rutilans",13,0.337
"1025","Pericrocotus divaricatus",13,-0.357
"1026","Periparus ater",13,0.104
"1027","Pernis ptilorhynchus",13,0.906
"1028","Phalacrocorax capillatus",13,0.65
"1029","Phalacrocorax carbo",13,2.703
"1030","Phalacrocorax pelagicus",13,0.288
"1031","Phalacrocorax urile",13,4.906
"1032","Phasianus colchicus",13,-0.028
"1033","Phylloscopus borealoides",13,0.046
"1034","Phylloscopus coronatus",13,-0.036
"1035","Phylloscopus xanthodryas",13,0.238
"1036","Pica pica",13,0.479
"1037","Picus awokera",13,0.126
"1038","Picus canus",13,-0.273
"1039","Pinicola enucleator",13,-0.234
"1040","Pitta nympha",13,1.818
"1041","Podiceps cristatus",13,2.006
"1042","Podiceps grisegena",13,0.303
"1043","Poecile montanus",13,-0.011
"1044","Poecile palustris",13,0.425
"1045","Poecile varius",13,0.21
"1046","Porzana fusca",13,-1.144
"1047","Porzana pusilla",13,-1.493
"1048","Prunella collaris",13,0.161
"1049","Prunella rubida",13,-0.074
"1050","Psittacula krameri",13,-1.459
"1051","Pycnonotus sinensis",13,1.754
"1052","Pyrrhula pyrrhula",13,0.308
"1053","Rallus aquaticus",13,0.107
"1054","Regulus regulus",13,0.454
"1055","Riparia riparia",13,0.356
"1056","Rostratula benghalensis",13,-0.505
"1057","Sapheopipo noguchii",13,0.62
"1058","Saxicola torquatus",13,0.164
"1059","Scolopax mira",13,-0.364
"1060","Scolopax rusticola",13,-0.119
"1061","Sitta europaea",13,0.195
"1062","Spilornis cheela",13,0.483
"1063","Spodiopsar cineraceus",13,-0.016
"1064","Sterna albifrons",13,-0.113
"1065","Sterna dougallii",13,1.151
"1066","Sterna sumatrana",13,0.248
"1067","Streptopelia decaocto",13,1.1
"1068","Streptopelia orientalis",13,0.046
"1069","Strix uralensis",13,0.032
"1070","Sula leucogaster",13,0.844
"1071","Synthliboramphus antiquus",13,-0.627
"1072","Synthliboramphus wumizusume",13,-0.181
"1073","Syrmaticus soemmerringii",13,-0.214
"1074","Tachybaptus ruficollis",13,-0.02
"1075","Tarsiger cyanurus",13,0.605
"1076","Terpsiphone atrocaudata",13,-0.009
"1077","Tetrastes bonasia",13,-0.336
"1078","Treron formosae",13,0.239
"1079","Treron sieboldii",13,0.373
"1080","Tringa totanus",13,1.187
"1081","Troglodytes troglodytes",13,0.403
"1082","Turdus cardis",13,0.237
"1083","Turdus chrysolaus",13,0.162
"1084","Turnix suscitator",13,0.659
"1085","Uragus sibiricus",13,0.36
"1086","Uria aalge",13,3.919
"1087","Urosphena squameiceps",13,0.16
"1088","Vanellus cinereus",13,0.524
"1089","Vanellus vanellus",13,1.32
"1090","Zoothera dauma",13,0.169
"1091","Zoothera sibirica",13,-0.281
"1092","Zosterops japonicus",13,0.246
"1093","Accipiter gentilis",13,1.305
"1094","Accipiter gularis",13,0.601
"1095","Accipiter nisus",13,0.329
"1096","Acrocephalus bistrigiceps",13,-0.104
"1097","Acrocephalus orientalis",13,0.027
"1098","Actitis hypoleucos",13,-0.181
"1099","Aegithalos caudatus",13,0.109
"1100","Agropsar philippensis",13,-0.342
"1101","Aix galericulata",13,0.795
"1102","Alauda arvensis",13,-0.048
"1103","Alcedo atthis",13,0.35
"1104","Amandava amandava",13,-2.813
"1105","Amaurornis phoenicurus",13,1.595
"1106","Anas clypeata",13,1.515
"1107","Anas crecca",13,0.815
"1108","Anas falcata",13,0.897
"1109","Anas platyrhynchos",13,0.905
"1110","Anas querquedula",13,-0.243
"1111","Anas strepera",13,2.193
"1112","Anas zonorhyncha",13,0.217
"1113","Anthus hodgsoni",13,0.106
"1114","Apus nipalensis",13,1.83
"1115","Apus pacificus",13,0.158
"1116","Ardea alba",13,1.334
"1117","Ardea cinerea",13,1.781
"1118","Ardea purpurea",13,1.953
"1119","Asio otus",13,0.151
"1120","Aythya ferina",13,1.7
"1121","Aythya fuligula",13,0.741
"1122","Bambusicola thoracicus",13,-0.175
"1123","Botaurus stellaris",13,7.574
"1124","Bubulcus ibis",13,0.508
"1125","Butastur indicus",13,-0.162
"1126","Buteo buteo",13,0.483
"1127","Butorides striata",13,0.126
"1128","Calonectris leucomelas",13,0.022
"1129","Caprimulgus indicus",13,-0.801
"1130","Carduelis spinus",13,0.814
"1131","Cepphus carbo",13,0.778
"1132","Certhia familiaris",13,0.252
"1133","Cettia diphone",13,0.043
"1134","Chalcophaps indica",13,0.6
"1135","Charadrius alexandrinus",13,-0.472
"1136","Charadrius dubius",13,0.053
"1137","Charadrius placidus",13,-0.065
"1138","Chloris sinica",13,0.117
"1139","Cinclus pallasii",13,-0.208
"1140","Circus spilonotus",13,1.054
"1141","Cisticola juncidis",13,-0.204
"1142","Coccothraustes coccothraustes",13,0.555
"1143","Columba janthina",13,0.251
"1144","Columba livia",13,-0.119
"1145","Corvus corone",13,-0.003
"1146","Corvus macrorhynchos",13,0.149
"1147","Coturnix japonica",13,-1.863
"1148","Cuculus canorus",13,-0.212
"1149","Cuculus optatus",13,0.137
"1150","Cuculus poliocephalus",13,0.053
"1151","Cyanopica cyanus",13,-0.428
"1152","Cyanoptila cyanomelana",13,0.102
"1153","Delichon dasypus",13,0.205
"1154","Dendrocopos kizuki",13,0.191
"1155","Dendrocopos leucotos",13,0.024
"1156","Dendrocopos major",13,0.159
"1157","Dendrocopos minor",13,0.279
"1158","Dryocopus martius",13,0.154
"1159","Egretta garzetta",13,0.189
"1160","Egretta intermedia",13,0.43
"1161","Egretta sacra",13,0.247
"1162","Emberiza aureola",13,-1.084
"1163","Emberiza cioides",13,-0.008
"1164","Emberiza elegans",13,1.632
"1165","Emberiza fucata",13,-0.389
"1166","Emberiza schoeniclus",13,0.438
"1167","Emberiza spodocephala",13,0.099
"1168","Emberiza sulphurata",13,0.156
"1169","Emberiza variabilis",13,0.656
"1170","Emberiza yessoensis",13,0.238
"1171","Eophona personata",13,0.094
"1172","Eurystomus orientalis",13,-0.507
"1173","Falco peregrinus",13,1.033
"1174","Falco subbuteo",13,0.234
"1175","Falco tinnunculus",13,1.027
"1176","Ficedula narcissina",13,0.237
"1177","Fratercula cirrhata",13,-0.624
"1178","Fulica atra",13,0.404
"1179","Gallinago hardwickii",13,0.025
"1180","Gallinula chloropus",13,-0.101
"1181","Garrulus glandarius",13,0.032
"1182","Garrulus lidthi",13,0
"1183","Glareola maldivarum",13,1.022
"1184","Gorsachius goisagi",13,-0.086
"1185","Grus japonensis",13,0.616
"1186","Halcyon coromanda",13,0.257
"1187","Haliaeetus albicilla",13,1.664
"1188","Hierococcyx hyperythrus",13,-0.04
"1189","Himantopus himantopus",13,1.222
"1190","Hirundapus caudacutus",13,-0.484
"1191","Hirundo daurica",13,-0.366
"1192","Hirundo rustica",13,-0.04
"1193","Hirundo tahitica",13,0.109
"1194","Histrionicus histrionicus",13,1.194
"1195","Hypsipetes amaurotis",13,0.081
"1196","Ixobrychus cinnamomeus",13,0.155
"1197","Ixobrychus sinensis",13,-0.116
"1198","Jynx torquilla",13,-0.02
"1199","Lagopus muta",13,-0.848
"1200","Lanius bucephalus",13,-0.177
"1201","Lanius cristatus",13,-1.559
"1202","Lanius tigrinus",13,-1.337
"1203","Larus crassirostris",13,0.128
"1204","Larus schistisagus",13,0.933
"1205","Locustella fasciolata",13,-0.013
"1206","Locustella lanceolata",13,-0.374
"1207","Locustella ochotensis",13,0.149
"1208","Locustella pleskei",13,1.048
"1209","Locustella pryeri",13,0.243
"1210","Loxia curvirostra",13,1.092
"1211","Luscinia akahige",13,0.268
"1212","Luscinia calliope",13,0.406
"1213","Luscinia cyane",13,0.155
"1214","Luscinia komadori",13,0.039
"1215","Megaceryle lugubris",13,-0.308
"1216","Melopsittacus undulatus",13,-2.658
"1217","Mergellus albellus",13,3.853
"1218","Mergus merganser",13,1.31
"1219","Milvus migrans",13,0.04
"1220","Monticola solitarius",13,0.185
"1221","Motacilla alba",13,0.603
"1222","Motacilla cinerea",13,0.085
"1223","Motacilla flava",13,2.458
"1224","Motacilla grandis",13,0.035
"1225","Muscicapa dauurica",13,-0.001
"1226","Muscicapa sibirica",13,-0.463
"1227","Ninox scutulata",13,-0.445
"1228","Nisaetus nipalensis",13,0.478
"1229","Nucifraga caryocatactes",13,-0.221
"1230","Nycticorax nycticorax",13,0.339
"1231","Oceanodroma castro",13,0
"1232","Oceanodroma leucorhoa",13,-0.211
"1233","Oceanodroma monorhis",13,4.96
"1234","Otus lempiji",13,-0.752
"1235","Otus sunia",13,-0.346
"1236","Pandion haliaetus",13,1.17
"1237","Parus minor",13,0.034
"1238","Passer montanus",13,-0.038
"1239","Passer rutilans",13,0.337
"1240","Pericrocotus divaricatus",13,-0.357
"1241","Periparus ater",13,0.104
"1242","Pernis ptilorhynchus",13,0.906
"1243","Phalacrocorax capillatus",13,0.65
"1244","Phalacrocorax carbo",13,2.703
"1245","Phalacrocorax pelagicus",13,0.288
"1246","Phalacrocorax urile",13,4.906
"1247","Phasianus colchicus",13,-0.028
"1248","Phylloscopus borealoides",13,0.046
"1249","Phylloscopus coronatus",13,-0.036
"1250","Phylloscopus xanthodryas",13,0.238
"1251","Pica pica",13,0.479
"1252","Picus awokera",13,0.126
"1253","Picus canus",13,-0.273
"1254","Pinicola enucleator",13,-0.234
"1255","Pitta nympha",13,1.818
"1256","Podiceps cristatus",13,2.006
"1257","Podiceps grisegena",13,0.303
"1258","Poecile montanus",13,-0.011
"1259","Poecile palustris",13,0.425
"1260","Poecile varius",13,0.21
"1261","Porzana fusca",13,-1.144
"1262","Porzana pusilla",13,-1.493
"1263","Prunella collaris",13,0.161
"1264","Prunella rubida",13,-0.074
"1265","Psittacula krameri",13,-1.459
"1266","Pycnonotus sinensis",13,1.754
"1267","Pyrrhula pyrrhula",13,0.308
"1268","Rallus aquaticus",13,0.107
"1269","Regulus regulus",13,0.454
"1270","Riparia riparia",13,0.356
"1271","Rostratula benghalensis",13,-0.505
"1272","Sapheopipo noguchii",13,0.62
"1273","Saxicola torquatus",13,0.164
"1274","Scolopax mira",13,-0.364
"1275","Scolopax rusticola",13,-0.119
"1276","Sitta europaea",13,0.195
"1277","Spilornis cheela",13,0.483
"1278","Spodiopsar cineraceus",13,-0.016
"1279","Sterna albifrons",13,-0.113
"1280","Sterna dougallii",13,1.151
"1281","Sterna sumatrana",13,0.248
"1282","Streptopelia decaocto",13,1.1
"1283","Streptopelia orientalis",13,0.046
"1284","Strix uralensis",13,0.032
"1285","Sula leucogaster",13,0.844
"1286","Synthliboramphus antiquus",13,-0.627
"1287","Synthliboramphus wumizusume",13,-0.181
"1288","Syrmaticus soemmerringii",13,-0.214
"1289","Tachybaptus ruficollis",13,-0.02
"1290","Tarsiger cyanurus",13,0.605
"1291","Terpsiphone atrocaudata",13,-0.009
"1292","Tetrastes bonasia",13,-0.336
"1293","Treron formosae",13,0.239
"1294","Treron sieboldii",13,0.373
"1295","Tringa totanus",13,1.187
"1296","Troglodytes troglodytes",13,0.403
"1297","Turdus cardis",13,0.237
"1298","Turdus chrysolaus",13,0.162
"1299","Turnix suscitator",13,0.659
"1300","Uragus sibiricus",13,0.36
"1301","Uria aalge",13,3.919
"1302","Urosphena squameiceps",13,0.16
"1303","Vanellus cinereus",13,0.524
"1304","Vanellus vanellus",13,1.32
"1305","Zoothera dauma",13,0.169
"1306","Zoothera sibirica",13,-0.281
"1307","Zosterops japonicus",13,0.246
"1308","Acanthis flammea",26,0.09
"1309","Accipiter brevipes",26,0.516
"1310","Accipiter gentilis",26,0.055
"1311","Accipiter nisus",26,0.04
"1312","Acrocephalus agricola",26,1.003
"1313","Acrocephalus arundinaceus",26,0.125
"1314","Acrocephalus dumetorum",26,0.921
"1315","Acrocephalus melanopogon",26,-0.057
"1316","Acrocephalus paludicola",26,-0.029
"1317","Acrocephalus palustris",26,0.149
"1318","Acrocephalus schoenobaenus",26,-0.002
"1319","Acrocephalus scirpaceus",26,0.207
"1320","Actitis hypoleucos",26,-0.042
"1321","Aegithalos caudatus",26,0.07
"1322","Aegolius funereus",26,0.182
"1323","Aegypius monachus",26,-0.316
"1324","Aix galericulata",26,1.929
"1325","Aix sponsa",26,2.093
"1326","Alauda arvensis",26,-0.035
"1327","Alaudala rufescens",26,0.144
"1328","Alca torda",26,-0.041
"1329","Alcedo atthis",26,0.023
"1330","Alectoris barbara",26,0.001
"1331","Alectoris chukar",26,-0.114
"1332","Alectoris graeca",26,-0.08
"1333","Alectoris rufa",26,0.089
"1334","Alle alle",26,-0.007
"1335","Alopochen aegyptiaca",26,2.624
"1336","Amandava amandava",26,0.866
"1337","Anas acuta",26,-0.296
"1338","Anas crecca",26,-0.014
"1339","Anas platyrhynchos",26,0.048
"1340","Anser anser",26,0.696
"1341","Anser brachyrhynchus",26,0.127
"1342","Anser erythropus",26,-1.388
"1343","Anser fabalis",26,-0.005
"1344","Anthropoides virgo",26,0.238
"1345","Anthus berthelotii",26,0
"1346","Anthus campestris",26,0.101
"1347","Anthus cervinus",26,-0.311
"1348","Anthus petrosus",26,-0.046
"1349","Anthus pratensis",26,0
"1350","Anthus spinoletta",26,-0.111
"1351","Anthus trivialis",26,0.045
"1352","Apus apus",26,0.029
"1353","Apus caffer",26,1.36
"1354","Apus pallidus",26,0.818
"1355","Apus unicolor",26,0
"1356","Aquila adalberti",26,0.485
"1357","Aquila chrysaetos",26,0.18
"1358","Aquila fasciata",26,-0.145
"1359","Aquila heliaca",26,0.051
"1360","Ardea alba",26,1.47
"1361","Ardea cinerea",26,0.203
"1362","Ardea purpurea",26,0.292
"1363","Ardeola ralloides",26,0.427
"1364","Arenaria interpres",26,-0.172
"1365","Asio flammeus",26,0.064
"1366","Asio otus",26,0.071
"1367","Athene noctua",26,-0.005
"1368","Aythya ferina",26,0.116
"1369","Aythya fuligula",26,0.016
"1370","Aythya marila",26,-0.274
"1371","Aythya nyroca",26,0.149
"1372","Bombycilla garrulus",26,0.628
"1373","Bonasa bonasia",26,-0.063
"1374","Botaurus stellaris",26,0.255
"1375","Branta bernicla",26,0.509
"1376","Branta canadensis",26,0.646
"1377","Branta leucopsis",26,1.99
"1378","Bubo bubo",26,0.169
"1379","Bubo scandiacus",26,-1.011
"1380","Bubulcus ibis",26,1.647
"1381","Bucanetes githagineus",26,0.174
"1382","Bucephala clangula",26,0.191
"1383","Bulweria bulwerii",26,0
"1384","Burhinus oedicnemus",26,0.01
"1385","Buteo buteo",26,0.049
"1386","Buteo lagopus",26,-0.086
"1387","Buteo rufinus",26,1.247
"1388","Calandrella brachydactyla",26,-0.042
"1389","Calcarius lapponicus",26,-0.19
"1390","Calidris alpina",26,-0.263
"1391","Calidris falcinellus",26,-0.276
"1392","Calidris maritima",26,-0.263
"1393","Calidris minuta",26,-0.816
"1394","Calidris pugnax",26,-0.608
"1395","Calidris temminckii",26,-0.174
"1396","Calonectris borealis",26,1.236
"1397","Calonectris diomedea",26,-0.534
"1398","Caprimulgus europaeus",26,0.084
"1399","Caprimulgus ruficollis",26,0.247
"1400","Carduelis carduelis",26,0.075
"1401","Carduelis citrinella",26,0.02
"1402","Carpodacus erythrinus",26,0.199
"1403","Catharacta skua",26,0.193
"1404","Cecropis daurica",26,0.479
"1405","Cepphus grylle",26,-0.066
"1406","Cercotrichas galactotes",26,-0.723
"1407","Certhia brachydactyla",26,0.075
"1408","Certhia familiaris",26,0.07
"1409","Cettia cetti",26,0.165
"1410","Charadrius alexandrinus",26,0.063
"1411","Charadrius dubius",26,0.102
"1412","Charadrius hiaticula",26,0.018
"1413","Chersophilus duponti",26,0.249
"1414","Chlidonias hybrida",26,0.731
"1415","Chlidonias leucopterus",26,0.305
"1416","Chlidonias niger",26,-0.199
"1417","Chloris chloris",26,0.044
"1418","Ciconia ciconia",26,0.183
"1419","Ciconia nigra",26,0.302
"1420","Cinclus cinclus",26,0.001
"1421","Circaetus gallicus",26,0.327
"1422","Circus aeruginosus",26,0.253
"1423","Circus cyaneus",26,-0.331
"1424","Circus macrourus",26,-0.081
"1425","Circus pygargus",26,0.232
"1426","Cisticola juncidis",26,0.292
"1427","Clamator glandarius",26,0.184
"1428","Clanga clanga",26,0.493
"1429","Clanga pomarina",26,0.318
"1430","Clangula hyemalis",26,-0.098
"1431","Coccothraustes coccothraustes",26,0.184
"1432","Colinus virginianus",26,-0.29
"1433","Columba livia",26,0.144
"1434","Columba oenas",26,0.058
"1435","Columba palumbus",26,0.062
"1436","Coracias garrulus",26,-0.246
"1437","Corvus corax",26,0.164
"1438","Corvus corone",26,0.017
"1439","Corvus frugilegus",26,0.089
"1440","Corvus monedula",26,0.045
"1441","Coturnix coturnix",26,0.18
"1442","Crex crex",26,0.164
"1443","Cuculus canorus",26,0.042
"1444","Cyanecula svecica",26,0.273
"1445","Cyanistes caeruleus",26,0.061
"1446","Cyanistes cyanus",26,0.891
"1447","Cyanopica cooki",26,0.085
"1448","Cygnus cygnus",26,0.673
"1449","Cygnus olor",26,0.359
"1450","Delichon urbicum",26,0.015
"1451","Dendrocopos leucotos",26,0.33
"1452","Dendrocopos major",26,0.051
"1453","Dendrocopos syriacus",26,0.233
"1454","Dryobates minor",26,0.113
"1455","Dryocopus martius",26,0.114
"1456","Egretta garzetta",26,0.816
"1457","Elanus caeruleus",26,0.748
"1458","Emberiza aureola",26,-3.166
"1459","Emberiza caesia",26,-1.607
"1460","Emberiza calandra",26,0.102
"1461","Emberiza cia",26,0.072
"1462","Emberiza cirlus",26,0.101
"1463","Emberiza citrinella",26,-0.013
"1464","Emberiza hortulana",26,-0.131
"1465","Emberiza melanocephala",26,0.555
"1466","Emberiza pusilla",26,0.107
"1467","Emberiza rustica",26,-0.226
"1468","Emberiza schoeniclus",26,-0.002
"1469","Eremophila alpestris",26,-0.133
"1470","Erithacus rubecula",26,0.034
"1471","Estrilda astrild",26,0.908
"1472","Eudromias morinellus",26,-0.227
"1473","Falco biarmicus",26,-0.419
"1474","Falco cherrug",26,0.125
"1475","Falco columbarius",26,-0.085
"1476","Falco eleonorae",26,0.131
"1477","Falco naumanni",26,-0.18
"1478","Falco peregrinus",26,0.663
"1479","Falco rusticolus",26,0.05
"1480","Falco subbuteo",26,0.159
"1481","Falco tinnunculus",26,0.035
"1482","Falco vespertinus",26,-0.089
"1483","Ficedula albicollis",26,0.412
"1484","Ficedula hypoleuca",26,-0.044
"1485","Ficedula parva",26,0.196
"1486","Ficedula semitorquata",26,0.331
"1487","Fratercula arctica",26,-0.101
"1488","Fringilla coelebs",26,0.017
"1489","Fringilla montifringilla",26,-0.158
"1490","Fulica atra",26,0.081
"1491","Fulica cristata",26,1.348
"1492","Fulmarus glacialis",26,-0.091
"1493","Galerida cristata",26,-0.137
"1494","Galerida theklae",26,0.249
"1495","Gallinago gallinago",26,-0.093
"1496","Gallinago media",26,0.202
"1497","Gallinula chloropus",26,0.057
"1498","Garrulus glandarius",26,0.03
"1499","Gavia arctica",26,-0.011
"1500","Gavia immer",26,0.066
"1501","Gavia stellata",26,0.112
"1502","Gelochelidon nilotica",26,0.624
"1503","Glareola nordmanni",26,-2.188
"1504","Glareola pratincola",26,0.068
"1505","Glaucidium passerinum",26,0.409
"1506","Grus grus",26,0.262
"1507","Gulosus aristotelis",26,0.129
"1508","Gypaetus barbatus",26,0.113
"1509","Gyps fulvus",26,0.111
"1510","Haematopus ostralegus",26,0.212
"1511","Haliaeetus albicilla",26,1.113
"1512","Hieraaetus pennatus",26,0.297
"1513","Himantopus himantopus",26,0.826
"1514","Hippolais icterina",26,0.029
"1515","Hippolais olivetorum",26,0.329
"1516","Hippolais polyglotta",26,0.113
"1517","Hirundo rustica",26,0.017
"1518","Hydrobates castro",26,0.307
"1519","Hydrobates leucorhous",26,0.051
"1520","Hydrobates pelagicus",26,0.107
"1521","Hydrocoloeus minutus",26,0.184
"1522","Hydroprogne caspia",26,0.381
"1523","Iduna opaca",26,0.038
"1524","Iduna pallida",26,0.12
"1525","Ixobrychus minutus",26,0.257
"1526","Jynx torquilla",26,0.072
"1527","Lagopus lagopus",26,-0.151
"1528","Lagopus muta",26,-0.02
"1529","Lanius collurio",26,0.04
"1530","Lanius excubitor",26,-0.042
"1531","Lanius meridionalis",26,-0.021
"1532","Lanius minor",26,0.09
"1533","Lanius nubicus",26,0.017
"1534","Lanius senator",26,-0.069
"1535","Larus argentatus",26,0.073
"1536","Larus audouinii",26,0.621
"1537","Larus cachinnans",26,2.156
"1538","Larus canus",26,0.031
"1539","Larus fuscus",26,0.283
"1540","Larus genei",26,0.891
"1541","Larus hyperboreus",26,0.131
"1542","Larus ichthyaetus",26,0.201
"1543","Larus marinus",26,0.121
"1544","Larus melanocephalus",26,1.188
"1545","Larus michahellis",26,1.009
"1546","Larus ridibundus",26,0.006
"1547","Leiopicus medius",26,0.3
"1548","Limosa lapponica",26,0.084
"1549","Limosa limosa",26,-0.307
"1550","Linaria cannabina",26,0.03
"1551","Linaria flavirostris",26,-0.082
"1552","Locustella fluviatilis",26,0.285
"1553","Locustella luscinioides",26,0.372
"1554","Locustella naevia",26,0.087
"1555","Lophophanes cristatus",26,0.05
"1556","Loxia curvirostra",26,0.142
"1557","Loxia leucoptera",26,-0.112
"1558","Loxia pytyopsittacus",26,-0.077
"1559","Lullula arborea",26,0.174
"1560","Luscinia luscinia",26,0.05
"1561","Luscinia megarhynchos",26,0.054
"1562","Lymnocryptes minimus",26,-0.124
"1563","Lyrurus tetrix",26,-0.118
"1564","Mareca penelope",26,-0.005
"1565","Mareca strepera",26,0.656
"1566","Marmaronetta angustirostris",26,-0.106
"1567","Melanitta fusca",26,-0.215
"1568","Melanitta nigra",26,-0.161
"1569","Melanocorypha calandra",26,-0.034
"1570","Mergellus albellus",26,0.438
"1571","Mergus merganser",26,0.385
"1572","Mergus serrator",26,-0.071
"1573","Merops apiaster",26,0.492
"1574","Microcarbo pygmaeus",26,0.941
"1575","Milvus migrans",26,0.092
"1576","Milvus milvus",26,0.202
"1577","Monticola saxatilis",26,-0.184
"1578","Monticola solitarius",26,0.161
"1579","Montifringilla nivalis",26,0.049
"1580","Morus bassanus",26,0.206
"1581","Motacilla alba",26,0.025
"1582","Motacilla cinerea",26,0.184
"1583","Motacilla citreola",26,1.523
"1584","Motacilla flava",26,0.017
"1585","Muscicapa striata",26,0.029
"1586","Myiopsitta monachus",26,2.142
"1587","Neophron percnopterus",26,-0.3
"1588","Netta rufina",26,0.83
"1589","Nucifraga caryocatactes",26,0.134
"1590","Numenius arquata",26,-0.047
"1591","Numenius phaeopus",26,-0.013
"1592","Nycticorax nycticorax",26,0.437
"1593","Oenanthe hispanica",26,-0.121
"1594","Oenanthe isabellina",26,1.062
"1595","Oenanthe leucura",26,-0.2
"1596","Oenanthe oenanthe",26,-0.021
"1597","Oenanthe pleschanka",26,0.344
"1598","Oriolus oriolus",26,0.046
"1599","Otis tarda",26,-0.386
"1600","Otus scops",26,0.288
"1601","Oxyura jamaicensis",26,-0.584
"1602","Oxyura leucocephala",26,0.286
"1603","Pandion haliaetus",26,0.076
"1604","Panurus biarmicus",26,0.695
"1605","Parus major",26,0.024
"1606","Passer domesticus",26,-0.009
"1607","Passer hispaniolensis",26,0.534
"1608","Passer italiae",26,0.025
"1609","Passer montanus",26,0.093
"1610","Pastor roseus",26,-0.242
"1611","Pelecanus crispus",26,0.425
"1612","Pelecanus onocrotalus",26,0.018
"1613","Perdix perdix",26,-0.061
"1614","Periparus ater",26,0.046
"1615","Perisoreus infaustus",26,-0.093
"1616","Pernis apivorus",26,0.156
"1617","Petronia petronia",26,-0.009
"1618","Phalacrocorax carbo",26,1.162
"1619","Phalaropus fulicarius",26,-0.021
"1620","Phalaropus lobatus",26,-0.349
"1621","Phasianus colchicus",26,0.09
"1622","Phoenicopterus roseus",26,1.056
"1623","Phoenicurus ochruros",26,0.146
"1624","Phoenicurus phoenicurus",26,0.056
"1625","Phylloscopus bonelli",26,0.027
"1626","Phylloscopus borealis",26,-0.596
"1627","Phylloscopus collybita",26,0.062
"1628","Phylloscopus orientalis",26,0.076
"1629","Phylloscopus sibilatrix",26,0.024
"1630","Phylloscopus trochiloides",26,0.729
"1631","Phylloscopus trochilus",26,-0.003
"1632","Pica pica",26,0.013
"1633","Picoides tridactylus",26,0.122
"1634","Picus canus",26,0.23
"1635","Picus sharpei",26,0.119
"1636","Picus viridis",26,-0.012
"1637","Pinicola enucleator",26,-0.652
"1638","Platalea leucorodia",26,1.079
"1639","Plectrophenax nivalis",26,-0.21
"1640","Plegadis falcinellus",26,0.857
"1641","Pluvialis apricaria",26,-0.048
"1642","Podiceps auritus",26,0.048
"1643","Podiceps cristatus",26,0.178
"1644","Podiceps grisegena",26,0.073
"1645","Podiceps nigricollis",26,0.074
"1646","Poecile cinctus",26,-0.386
"1647","Poecile lugubris",26,0.203
"1648","Poecile montanus",26,-0.006
"1649","Poecile palustris",26,0.023
"1650","Porphyrio porphyrio",26,1.052
"1651","Porzana porzana",26,-0.015
"1652","Prunella collaris",26,-0.161
"1653","Prunella modularis",26,-0.056
"1654","Psittacula krameri",26,1.48
"1655","Pterocles alchata",26,-0.212
"1656","Pterocles orientalis",26,-0.053
"1657","Ptyonoprogne rupestris",26,0.194
"1658","Puffinus lherminieri",26,0.517
"1659","Puffinus mauretanicus",26,0.353
"1660","Puffinus puffinus",26,-0.407
"1661","Puffinus yelkouan",26,-1.034
"1662","Pyrrhocorax graculus",26,0.012
"1663","Pyrrhocorax pyrrhocorax",26,0.012
"1664","Pyrrhula pyrrhula",26,-0.014
"1665","Rallus aquaticus",26,0.1
"1666","Recurvirostra avosetta",26,0.59
"1667","Regulus ignicapilla",26,0.266
"1668","Regulus regulus",26,0.05
"1669","Remiz pendulinus",26,0.163
"1670","Riparia riparia",26,0.025
"1671","Rissa tridactyla",26,-0.095
"1672","Saxicola rubetra",26,-0.036
"1673","Saxicola torquatus",26,0.247
"1674","Scolopax rusticola",26,-0.014
"1675","Serinus serinus",26,0.023
"1676","Sitta europaea",26,0.051
"1677","Sitta neumayer",26,0.114
"1678","Somateria mollissima",26,0.11
"1679","Somateria spectabilis",26,-0.174
"1680","Spatula clypeata",26,0.177
"1681","Spatula querquedula",26,0.006
"1682","Spilopelia senegalensis",26,1.58
"1683","Spinus spinus",26,0.038
"1684","Stercorarius longicaudus",26,-0.083
"1685","Stercorarius parasiticus",26,-0.075
"1686","Sterna dougallii",26,-0.372
"1687","Sterna hirundo",26,0.092
"1688","Sterna paradisaea",26,-0.026
"1689","Sternula albifrons",26,0.059
"1690","Streptopelia decaocto",26,0.164
"1691","Streptopelia turtur",26,0.016
"1692","Strix aluco",26,0.023
"1693","Strix nebulosa",26,0.569
"1694","Strix uralensis",26,0.337
"1695","Sturnus unicolor",26,0.056
"1696","Sturnus vulgaris",26,0.023
"1697","Surnia ulula",26,0.002
"1698","Sylvia atricapilla",26,0.045
"1699","Sylvia borin",26,-0.003
"1700","Sylvia cantillans",26,0.059
"1701","Sylvia communis",26,0.022
"1702","Sylvia conspicillata",26,0.182
"1703","Sylvia crassirostris",26,0.194
"1704","Sylvia curruca",26,0.031
"1705","Sylvia hortensis",26,-0.155
"1706","Sylvia melanocephala",26,0.11
"1707","Sylvia nisoria",26,0.29
"1708","Sylvia undata",26,0.021
"1709","Syrmaticus reevesii",26,0.346
"1710","Tachybaptus ruficollis",26,0.142
"1711","Tachymarptis melba",26,0.209
"1712","Tadorna ferruginea",26,1.719
"1713","Tadorna tadorna",26,0.658
"1714","Tarsiger cyanurus",26,3.112
"1715","Tetrao urogallus",26,-0.094
"1716","Tetrax tetrax",26,-0.131
"1717","Thalasseus sandvicensis",26,0.403
"1718","Tichodroma muraria",26,-0.2
"1719","Tringa erythropus",26,-0.131
"1720","Tringa glareola",26,-0.011
"1721","Tringa nebularia",26,0.052
"1722","Tringa ochropus",26,0.055
"1723","Tringa stagnatilis",26,0.313
"1724","Tringa totanus",26,0.033
"1725","Troglodytes troglodytes",26,0.03
"1726","Turdus iliacus",26,-0.126
"1727","Turdus merula",26,0.036
"1728","Turdus philomelos",26,0.084
"1729","Turdus pilaris",26,0.02
"1730","Turdus torquatus",26,-0.022
"1731","Turdus viscivorus",26,0.112
"1732","Tyto alba",26,0.037
"1733","Upupa epops",26,0.057
"1734","Uria aalge",26,-0.044
"1735","Uria lomvia",26,-0.054
"1736","Vanellus vanellus",26,0.014
"1737","Xenus cinereus",26,0.845
"1738","Zapornia parva",26,0.473
"1739","Zapornia pusilla",26,-0.541
"1740","Acanthis flammea",26,0.09
"1741","Accipiter brevipes",26,0.516
"1742","Accipiter gentilis",26,0.055
"1743","Accipiter nisus",26,0.04
"1744","Acrocephalus agricola",26,1.003
"1745","Acrocephalus arundinaceus",26,0.125
"1746","Acrocephalus dumetorum",26,0.921
"1747","Acrocephalus melanopogon",26,-0.057
"1748","Acrocephalus paludicola",26,-0.029
"1749","Acrocephalus palustris",26,0.149
"1750","Acrocephalus schoenobaenus",26,-0.002
"1751","Acrocephalus scirpaceus",26,0.207
"1752","Actitis hypoleucos",26,-0.042
"1753","Aegithalos caudatus",26,0.07
"1754","Aegolius funereus",26,0.182
"1755","Aegypius monachus",26,-0.316
"1756","Aix galericulata",26,1.929
"1757","Aix sponsa",26,2.093
"1758","Alauda arvensis",26,-0.035
"1759","Alaudala rufescens",26,0.144
"1760","Alca torda",26,-0.041
"1761","Alcedo atthis",26,0.023
"1762","Alectoris barbara",26,0.001
"1763","Alectoris chukar",26,-0.114
"1764","Alectoris graeca",26,-0.08
"1765","Alectoris rufa",26,0.089
"1766","Alle alle",26,-0.007
"1767","Alopochen aegyptiaca",26,2.624
"1768","Amandava amandava",26,0.866
"1769","Anas acuta",26,-0.296
"1770","Anas crecca",26,-0.014
"1771","Anas platyrhynchos",26,0.048
"1772","Anser anser",26,0.696
"1773","Anser brachyrhynchus",26,0.127
"1774","Anser erythropus",26,-1.388
"1775","Anser fabalis",26,-0.005
"1776","Anthropoides virgo",26,0.238
"1777","Anthus berthelotii",26,0
"1778","Anthus campestris",26,0.101
"1779","Anthus cervinus",26,-0.311
"1780","Anthus petrosus",26,-0.046
"1781","Anthus pratensis",26,0
"1782","Anthus spinoletta",26,-0.111
"1783","Anthus trivialis",26,0.045
"1784","Apus apus",26,0.029
"1785","Apus caffer",26,1.36
"1786","Apus pallidus",26,0.818
"1787","Apus unicolor",26,0
"1788","Aquila adalberti",26,0.485
"1789","Aquila chrysaetos",26,0.18
"1790","Aquila fasciata",26,-0.145
"1791","Aquila heliaca",26,0.051
"1792","Ardea alba",26,1.47
"1793","Ardea cinerea",26,0.203
"1794","Ardea purpurea",26,0.292
"1795","Ardeola ralloides",26,0.427
"1796","Arenaria interpres",26,-0.172
"1797","Asio flammeus",26,0.064
"1798","Asio otus",26,0.071
"1799","Athene noctua",26,-0.005
"1800","Aythya ferina",26,0.116
"1801","Aythya fuligula",26,0.016
"1802","Aythya marila",26,-0.274
"1803","Aythya nyroca",26,0.149
"1804","Bombycilla garrulus",26,0.628
"1805","Bonasa bonasia",26,-0.063
"1806","Botaurus stellaris",26,0.255
"1807","Branta bernicla",26,0.509
"1808","Branta canadensis",26,0.646
"1809","Branta leucopsis",26,1.99
"1810","Bubo bubo",26,0.169
"1811","Bubo scandiacus",26,-1.011
"1812","Bubulcus ibis",26,1.647
"1813","Bucanetes githagineus",26,0.174
"1814","Bucephala clangula",26,0.191
"1815","Bulweria bulwerii",26,0
"1816","Burhinus oedicnemus",26,0.01
"1817","Buteo buteo",26,0.049
"1818","Buteo lagopus",26,-0.086
"1819","Buteo rufinus",26,1.247
"1820","Calandrella brachydactyla",26,-0.042
"1821","Calcarius lapponicus",26,-0.19
"1822","Calidris alpina",26,-0.263
"1823","Calidris falcinellus",26,-0.276
"1824","Calidris maritima",26,-0.263
"1825","Calidris minuta",26,-0.816
"1826","Calidris pugnax",26,-0.608
"1827","Calidris temminckii",26,-0.174
"1828","Calonectris borealis",26,1.236
"1829","Calonectris diomedea",26,-0.534
"1830","Caprimulgus europaeus",26,0.084
"1831","Caprimulgus ruficollis",26,0.247
"1832","Carduelis carduelis",26,0.075
"1833","Carduelis citrinella",26,0.02
"1834","Carpodacus erythrinus",26,0.199
"1835","Catharacta skua",26,0.193
"1836","Cecropis daurica",26,0.479
"1837","Cepphus grylle",26,-0.066
"1838","Cercotrichas galactotes",26,-0.723
"1839","Certhia brachydactyla",26,0.075
"1840","Certhia familiaris",26,0.07
"1841","Cettia cetti",26,0.165
"1842","Charadrius alexandrinus",26,0.063
"1843","Charadrius dubius",26,0.102
"1844","Charadrius hiaticula",26,0.018
"1845","Chersophilus duponti",26,0.249
"1846","Chlidonias hybrida",26,0.731
"1847","Chlidonias leucopterus",26,0.305
"1848","Chlidonias niger",26,-0.199
"1849","Chloris chloris",26,0.044
"1850","Ciconia ciconia",26,0.183
"1851","Ciconia nigra",26,0.302
"1852","Cinclus cinclus",26,0.001
"1853","Circaetus gallicus",26,0.327
"1854","Circus aeruginosus",26,0.253
"1855","Circus cyaneus",26,-0.331
"1856","Circus macrourus",26,-0.081
"1857","Circus pygargus",26,0.232
"1858","Cisticola juncidis",26,0.292
"1859","Clamator glandarius",26,0.184
"1860","Clanga clanga",26,0.493
"1861","Clanga pomarina",26,0.318
"1862","Clangula hyemalis",26,-0.098
"1863","Coccothraustes coccothraustes",26,0.184
"1864","Colinus virginianus",26,-0.29
"1865","Columba livia",26,0.144
"1866","Columba oenas",26,0.058
"1867","Columba palumbus",26,0.062
"1868","Coracias garrulus",26,-0.246
"1869","Corvus corax",26,0.164
"1870","Corvus corone",26,0.017
"1871","Corvus frugilegus",26,0.089
"1872","Corvus monedula",26,0.045
"1873","Coturnix coturnix",26,0.18
"1874","Crex crex",26,0.164
"1875","Cuculus canorus",26,0.042
"1876","Cyanecula svecica",26,0.273
"1877","Cyanistes caeruleus",26,0.061
"1878","Cyanistes cyanus",26,0.891
"1879","Cyanopica cooki",26,0.085
"1880","Cygnus cygnus",26,0.673
"1881","Cygnus olor",26,0.359
"1882","Delichon urbicum",26,0.015
"1883","Dendrocopos leucotos",26,0.33
"1884","Dendrocopos major",26,0.051
"1885","Dendrocopos syriacus",26,0.233
"1886","Dryobates minor",26,0.113
"1887","Dryocopus martius",26,0.114
"1888","Egretta garzetta",26,0.816
"1889","Elanus caeruleus",26,0.748
"1890","Emberiza aureola",26,-3.166
"1891","Emberiza caesia",26,-1.607
"1892","Emberiza calandra",26,0.102
"1893","Emberiza cia",26,0.072
"1894","Emberiza cirlus",26,0.101
"1895","Emberiza citrinella",26,-0.013
"1896","Emberiza hortulana",26,-0.131
"1897","Emberiza melanocephala",26,0.555
"1898","Emberiza pusilla",26,0.107
"1899","Emberiza rustica",26,-0.226
"1900","Emberiza schoeniclus",26,-0.002
"1901","Eremophila alpestris",26,-0.133
"1902","Erithacus rubecula",26,0.034
"1903","Estrilda astrild",26,0.908
"1904","Eudromias morinellus",26,-0.227
"1905","Falco biarmicus",26,-0.419
"1906","Falco cherrug",26,0.125
"1907","Falco columbarius",26,-0.085
"1908","Falco eleonorae",26,0.131
"1909","Falco naumanni",26,-0.18
"1910","Falco peregrinus",26,0.663
"1911","Falco rusticolus",26,0.05
"1912","Falco subbuteo",26,0.159
"1913","Falco tinnunculus",26,0.035
"1914","Falco vespertinus",26,-0.089
"1915","Ficedula albicollis",26,0.412
"1916","Ficedula hypoleuca",26,-0.044
"1917","Ficedula parva",26,0.196
"1918","Ficedula semitorquata",26,0.331
"1919","Fratercula arctica",26,-0.101
"1920","Fringilla coelebs",26,0.017
"1921","Fringilla montifringilla",26,-0.158
"1922","Fulica atra",26,0.081
"1923","Fulica cristata",26,1.348
"1924","Fulmarus glacialis",26,-0.091
"1925","Galerida cristata",26,-0.137
"1926","Galerida theklae",26,0.249
"1927","Gallinago gallinago",26,-0.093
"1928","Gallinago media",26,0.202
"1929","Gallinula chloropus",26,0.057
"1930","Garrulus glandarius",26,0.03
"1931","Gavia arctica",26,-0.011
"1932","Gavia immer",26,0.066
"1933","Gavia stellata",26,0.112
"1934","Gelochelidon nilotica",26,0.624
"1935","Glareola nordmanni",26,-2.188
"1936","Glareola pratincola",26,0.068
"1937","Glaucidium passerinum",26,0.409
"1938","Grus grus",26,0.262
"1939","Gulosus aristotelis",26,0.129
"1940","Gypaetus barbatus",26,0.113
"1941","Gyps fulvus",26,0.111
"1942","Haematopus ostralegus",26,0.212
"1943","Haliaeetus albicilla",26,1.113
"1944","Hieraaetus pennatus",26,0.297
"1945","Himantopus himantopus",26,0.826
"1946","Hippolais icterina",26,0.029
"1947","Hippolais olivetorum",26,0.329
"1948","Hippolais polyglotta",26,0.113
"1949","Hirundo rustica",26,0.017
"1950","Hydrobates castro",26,0.307
"1951","Hydrobates leucorhous",26,0.051
"1952","Hydrobates pelagicus",26,0.107
"1953","Hydrocoloeus minutus",26,0.184
"1954","Hydroprogne caspia",26,0.381
"1955","Iduna opaca",26,0.038
"1956","Iduna pallida",26,0.12
"1957","Ixobrychus minutus",26,0.257
"1958","Jynx torquilla",26,0.072
"1959","Lagopus lagopus",26,-0.151
"1960","Lagopus muta",26,-0.02
"1961","Lanius collurio",26,0.04
"1962","Lanius excubitor",26,-0.042
"1963","Lanius meridionalis",26,-0.021
"1964","Lanius minor",26,0.09
"1965","Lanius nubicus",26,0.017
"1966","Lanius senator",26,-0.069
"1967","Larus argentatus",26,0.073
"1968","Larus audouinii",26,0.621
"1969","Larus cachinnans",26,2.156
"1970","Larus canus",26,0.031
"1971","Larus fuscus",26,0.283
"1972","Larus genei",26,0.891
"1973","Larus hyperboreus",26,0.131
"1974","Larus ichthyaetus",26,0.201
"1975","Larus marinus",26,0.121
"1976","Larus melanocephalus",26,1.188
"1977","Larus michahellis",26,1.009
"1978","Larus ridibundus",26,0.006
"1979","Leiopicus medius",26,0.3
"1980","Limosa lapponica",26,0.084
"1981","Limosa limosa",26,-0.307
"1982","Linaria cannabina",26,0.03
"1983","Linaria flavirostris",26,-0.082
"1984","Locustella fluviatilis",26,0.285
"1985","Locustella luscinioides",26,0.372
"1986","Locustella naevia",26,0.087
"1987","Lophophanes cristatus",26,0.05
"1988","Loxia curvirostra",26,0.142
"1989","Loxia leucoptera",26,-0.112
"1990","Loxia pytyopsittacus",26,-0.077
"1991","Lullula arborea",26,0.174
"1992","Luscinia luscinia",26,0.05
"1993","Luscinia megarhynchos",26,0.054
"1994","Lymnocryptes minimus",26,-0.124
"1995","Lyrurus tetrix",26,-0.118
"1996","Mareca penelope",26,-0.005
"1997","Mareca strepera",26,0.656
"1998","Marmaronetta angustirostris",26,-0.106
"1999","Melanitta fusca",26,-0.215
"2000","Melanitta nigra",26,-0.161
"2001","Melanocorypha calandra",26,-0.034
"2002","Mergellus albellus",26,0.438
"2003","Mergus merganser",26,0.385
"2004","Mergus serrator",26,-0.071
"2005","Merops apiaster",26,0.492
"2006","Microcarbo pygmaeus",26,0.941
"2007","Milvus migrans",26,0.092
"2008","Milvus milvus",26,0.202
"2009","Monticola saxatilis",26,-0.184
"2010","Monticola solitarius",26,0.161
"2011","Montifringilla nivalis",26,0.049
"2012","Morus bassanus",26,0.206
"2013","Motacilla alba",26,0.025
"2014","Motacilla cinerea",26,0.184
"2015","Motacilla citreola",26,1.523
"2016","Motacilla flava",26,0.017
"2017","Muscicapa striata",26,0.029
"2018","Myiopsitta monachus",26,2.142
"2019","Neophron percnopterus",26,-0.3
"2020","Netta rufina",26,0.83
"2021","Nucifraga caryocatactes",26,0.134
"2022","Numenius arquata",26,-0.047
"2023","Numenius phaeopus",26,-0.013
"2024","Nycticorax nycticorax",26,0.437
"2025","Oenanthe hispanica",26,-0.121
"2026","Oenanthe isabellina",26,1.062
"2027","Oenanthe leucura",26,-0.2
"2028","Oenanthe oenanthe",26,-0.021
"2029","Oenanthe pleschanka",26,0.344
"2030","Oriolus oriolus",26,0.046
"2031","Otis tarda",26,-0.386
"2032","Otus scops",26,0.288
"2033","Oxyura jamaicensis",26,-0.584
"2034","Oxyura leucocephala",26,0.286
"2035","Pandion haliaetus",26,0.076
"2036","Panurus biarmicus",26,0.695
"2037","Parus major",26,0.024
"2038","Passer domesticus",26,-0.009
"2039","Passer hispaniolensis",26,0.534
"2040","Passer italiae",26,0.025
"2041","Passer montanus",26,0.093
"2042","Pastor roseus",26,-0.242
"2043","Pelecanus crispus",26,0.425
"2044","Pelecanus onocrotalus",26,0.018
"2045","Perdix perdix",26,-0.061
"2046","Periparus ater",26,0.046
"2047","Perisoreus infaustus",26,-0.093
"2048","Pernis apivorus",26,0.156
"2049","Petronia petronia",26,-0.009
"2050","Phalacrocorax carbo",26,1.162
"2051","Phalaropus fulicarius",26,-0.021
"2052","Phalaropus lobatus",26,-0.349
"2053","Phasianus colchicus",26,0.09
"2054","Phoenicopterus roseus",26,1.056
"2055","Phoenicurus ochruros",26,0.146
"2056","Phoenicurus phoenicurus",26,0.056
"2057","Phylloscopus bonelli",26,0.027
"2058","Phylloscopus borealis",26,-0.596
"2059","Phylloscopus collybita",26,0.062
"2060","Phylloscopus orientalis",26,0.076
"2061","Phylloscopus sibilatrix",26,0.024
"2062","Phylloscopus trochiloides",26,0.729
"2063","Phylloscopus trochilus",26,-0.003
"2064","Pica pica",26,0.013
"2065","Picoides tridactylus",26,0.122
"2066","Picus canus",26,0.23
"2067","Picus sharpei",26,0.119
"2068","Picus viridis",26,-0.012
"2069","Pinicola enucleator",26,-0.652
"2070","Platalea leucorodia",26,1.079
"2071","Plectrophenax nivalis",26,-0.21
"2072","Plegadis falcinellus",26,0.857
"2073","Pluvialis apricaria",26,-0.048
"2074","Podiceps auritus",26,0.048
"2075","Podiceps cristatus",26,0.178
"2076","Podiceps grisegena",26,0.073
"2077","Podiceps nigricollis",26,0.074
"2078","Poecile cinctus",26,-0.386
"2079","Poecile lugubris",26,0.203
"2080","Poecile montanus",26,-0.006
"2081","Poecile palustris",26,0.023
"2082","Porphyrio porphyrio",26,1.052
"2083","Porzana porzana",26,-0.015
"2084","Prunella collaris",26,-0.161
"2085","Prunella modularis",26,-0.056
"2086","Psittacula krameri",26,1.48
"2087","Pterocles alchata",26,-0.212
"2088","Pterocles orientalis",26,-0.053
"2089","Ptyonoprogne rupestris",26,0.194
"2090","Puffinus lherminieri",26,0.517
"2091","Puffinus mauretanicus",26,0.353
"2092","Puffinus puffinus",26,-0.407
"2093","Puffinus yelkouan",26,-1.034
"2094","Pyrrhocorax graculus",26,0.012
"2095","Pyrrhocorax pyrrhocorax",26,0.012
"2096","Pyrrhula pyrrhula",26,-0.014
"2097","Rallus aquaticus",26,0.1
"2098","Recurvirostra avosetta",26,0.59
"2099","Regulus ignicapilla",26,0.266
"2100","Regulus regulus",26,0.05
"2101","Remiz pendulinus",26,0.163
"2102","Riparia riparia",26,0.025
"2103","Rissa tridactyla",26,-0.095
"2104","Saxicola rubetra",26,-0.036
"2105","Saxicola torquatus",26,0.247
"2106","Scolopax rusticola",26,-0.014
"2107","Serinus serinus",26,0.023
"2108","Sitta europaea",26,0.051
"2109","Sitta neumayer",26,0.114
"2110","Somateria mollissima",26,0.11
"2111","Somateria spectabilis",26,-0.174
"2112","Spatula clypeata",26,0.177
"2113","Spatula querquedula",26,0.006
"2114","Spilopelia senegalensis",26,1.58
"2115","Spinus spinus",26,0.038
"2116","Stercorarius longicaudus",26,-0.083
"2117","Stercorarius parasiticus",26,-0.075
"2118","Sterna dougallii",26,-0.372
"2119","Sterna hirundo",26,0.092
"2120","Sterna paradisaea",26,-0.026
"2121","Sternula albifrons",26,0.059
"2122","Streptopelia decaocto",26,0.164
"2123","Streptopelia turtur",26,0.016
"2124","Strix aluco",26,0.023
"2125","Strix nebulosa",26,0.569
"2126","Strix uralensis",26,0.337
"2127","Sturnus unicolor",26,0.056
"2128","Sturnus vulgaris",26,0.023
"2129","Surnia ulula",26,0.002
"2130","Sylvia atricapilla",26,0.045
"2131","Sylvia borin",26,-0.003
"2132","Sylvia cantillans",26,0.059
"2133","Sylvia communis",26,0.022
"2134","Sylvia conspicillata",26,0.182
"2135","Sylvia crassirostris",26,0.194
"2136","Sylvia curruca",26,0.031
"2137","Sylvia hortensis",26,-0.155
"2138","Sylvia melanocephala",26,0.11
"2139","Sylvia nisoria",26,0.29
"2140","Sylvia undata",26,0.021
"2141","Syrmaticus reevesii",26,0.346
"2142","Tachybaptus ruficollis",26,0.142
"2143","Tachymarptis melba",26,0.209
"2144","Tadorna ferruginea",26,1.719
"2145","Tadorna tadorna",26,0.658
"2146","Tarsiger cyanurus",26,3.112
"2147","Tetrao urogallus",26,-0.094
"2148","Tetrax tetrax",26,-0.131
"2149","Thalasseus sandvicensis",26,0.403
"2150","Tichodroma muraria",26,-0.2
"2151","Tringa erythropus",26,-0.131
"2152","Tringa glareola",26,-0.011
"2153","Tringa nebularia",26,0.052
"2154","Tringa ochropus",26,0.055
"2155","Tringa stagnatilis",26,0.313
"2156","Tringa totanus",26,0.033
"2157","Troglodytes troglodytes",26,0.03
"2158","Turdus iliacus",26,-0.126
"2159","Turdus merula",26,0.036
"2160","Turdus philomelos",26,0.084
"2161","Turdus pilaris",26,0.02
"2162","Turdus torquatus",26,-0.022
"2163","Turdus viscivorus",26,0.112
"2164","Tyto alba",26,0.037
"2165","Upupa epops",26,0.057
"2166","Uria aalge",26,-0.044
"2167","Uria lomvia",26,-0.054
"2168","Vanellus vanellus",26,0.014
"2169","Xenus cinereus",26,0.845
"2170","Zapornia parva",26,0.473
"2171","Zapornia pusilla",26,-0.541
"2172","Emberiza citrinella",5,0
"2173","Hirundo rustica",5,-0.002
"2174","Phoenicurus ochruros",5,-0.002
"2175","Turdus merula",5,-0.002
"2176","Carduelis chloris",5,0.002
"2177","Emberiza citrinella",5,0
"2178","Fringilla coelebs",5,0.002
"2179","Motacilla alba",5,0.003
"2180","Parus major",5,0.002
